clip_name,display_name,variant,splats,source_frame_index,reconstructed_file,psnr
Patrick,Patrick,frames,10,0,Patrick_splat_frames_10_000.png,20.79539666505845
Patrick,Patrick,frames,10,1,Patrick_splat_frames_10_001.png,19.933021851075544
Patrick,Patrick,frames,10,2,Patrick_splat_frames_10_002.png,19.624475228232747
Patrick,Patrick,frames,10,3,Patrick_splat_frames_10_003.png,20.302886444825035
Patrick,Patrick,frames,10,4,Patrick_splat_frames_10_004.png,22.383212375583593
Patrick,Patrick,frames,10,5,Patrick_splat_frames_10_005.png,20.802942967249916
Patrick,Patrick,frames,10,6,Patrick_splat_frames_10_006.png,21.931397744937684
Patrick,Patrick,frames,10,7,Patrick_splat_frames_10_007.png,22.36437114423007
Patrick,Patrick,frames,10,8,Patrick_splat_frames_10_008.png,22.239349658054767
Patrick,Patrick,frames,10,9,Patrick_splat_frames_10_009.png,20.891971424533736
Patrick,Patrick,frames,10,10,Patrick_splat_frames_10_010.png,22.775656866039874
Patrick,Patrick,frames,10,11,Patrick_splat_frames_10_011.png,23.047094860174425
Patrick,Patrick,frames,10,12,Patrick_splat_frames_10_012.png,23.20157568470931
Patrick,Patrick,frames,10,13,Patrick_splat_frames_10_013.png,21.592405828753996
Patrick,Patrick,frames,10,14,Patrick_splat_frames_10_014.png,21.41423461141749
Patrick,Patrick,frames,10,15,Patrick_splat_frames_10_015.png,22.176397210723394
Patrick,Patrick,frames,10,16,Patrick_splat_frames_10_016.png,19.85429658019811
Patrick,Patrick,frames,10,17,Patrick_splat_frames_10_017.png,21.029282914431924
Patrick,Patrick,frames,10,18,Patrick_splat_frames_10_018.png,20.06255709045282
Patrick,Patrick,frames,10,19,Patrick_splat_frames_10_019.png,18.755582822653988
Patrick,Patrick,frames,10,20,Patrick_splat_frames_10_020.png,21.524365661259218
Patrick,Patrick,frames,10,21,Patrick_splat_frames_10_021.png,22.292598082096347
Patrick,Patrick,frames,10,22,Patrick_splat_frames_10_022.png,20.9855971936873
Patrick,Patrick,frames,10,23,Patrick_splat_frames_10_023.png,20.808005534557545
Patrick,Patrick,frames,10,24,Patrick_splat_frames_10_024.png,19.811935921018456
Patrick,Patrick,frames,10,25,Patrick_splat_frames_10_025.png,19.952802328844406
Patrick,Patrick,frames,10,26,Patrick_splat_frames_10_026.png,19.77449678779815
Patrick,Patrick,frames,10,27,Patrick_splat_frames_10_027.png,18.784844636726795
Patrick,Patrick,frames,10,28,Patrick_splat_frames_10_028.png,20.368652077984496
Patrick,Patrick,frames,10,29,Patrick_splat_frames_10_029.png,19.542287515785773
Patrick,Patrick,frames,10,30,Patrick_splat_frames_10_030.png,19.76476635382414
Patrick,Patrick,frames,10,31,Patrick_splat_frames_10_031.png,19.31482908858273
Patrick,Patrick,frames,10,32,Patrick_splat_frames_10_032.png,19.70925769440655
Patrick,Patrick,frames,10,33,Patrick_splat_frames_10_033.png,20.09244557011573
Patrick,Patrick,frames,10,34,Patrick_splat_frames_10_034.png,19.289040167369855
Patrick,Patrick,frames,10,35,Patrick_splat_frames_10_035.png,19.684759597779706
Patrick,Patrick,frames,10,36,Patrick_splat_frames_10_036.png,19.134942358073438
Patrick,Patrick,frames,10,37,Patrick_splat_frames_10_037.png,19.63785335996787
Patrick,Patrick,frames,10,38,Patrick_splat_frames_10_038.png,19.5252610913302
Patrick,Patrick,frames,10,39,Patrick_splat_frames_10_039.png,20.122588646623885
Patrick,Patrick,frames,10,40,Patrick_splat_frames_10_040.png,20.333863791472236
Patrick,Patrick,frames,10,41,Patrick_splat_frames_10_041.png,20.529695821934205
Patrick,Patrick,frames,10,42,Patrick_splat_frames_10_042.png,19.854328335098447
Patrick,Patrick,frames,10,43,Patrick_splat_frames_10_043.png,19.44953203130025
Patrick,Patrick,frames,10,44,Patrick_splat_frames_10_044.png,20.12059804414421
Patrick,Patrick,frames,10,45,Patrick_splat_frames_10_045.png,19.00591201670919
Patrick,Patrick,frames,10,46,Patrick_splat_frames_10_046.png,19.765681764219934
Patrick,Patrick,frames,10,47,Patrick_splat_frames_10_047.png,21.242574382644474
Patrick,Patrick,frames,10,48,Patrick_splat_frames_10_048.png,20.433687175743916
Patrick,Patrick,frames,10,49,Patrick_splat_frames_10_049.png,19.424584666940113
Patrick,Patrick,frames,10,50,Patrick_splat_frames_10_050.png,20.26624295427881
Patrick,Patrick,frames,10,51,Patrick_splat_frames_10_051.png,21.16622654387006
Patrick,Patrick,frames,10,52,Patrick_splat_frames_10_052.png,19.609836046526794
Patrick,Patrick,frames,10,53,Patrick_splat_frames_10_053.png,20.17088325451882
Patrick,Patrick,frames,10,54,Patrick_splat_frames_10_054.png,20.50484277001558
Patrick,Patrick,frames,10,55,Patrick_splat_frames_10_055.png,19.240038781052277
Patrick,Patrick,frames,10,56,Patrick_splat_frames_10_056.png,19.60997164137536
Patrick,Patrick,frames,10,57,Patrick_splat_frames_10_057.png,19.703552649026857
Patrick,Patrick,frames,10,58,Patrick_splat_frames_10_058.png,21.212028222049714
Patrick,Patrick,frames,10,59,Patrick_splat_frames_10_059.png,18.648996508457646
Patrick,Patrick,frames,10,60,Patrick_splat_frames_10_060.png,19.561007666718922
Patrick,Patrick,frames,10,61,Patrick_splat_frames_10_061.png,19.302234227797253
Patrick,Patrick,frames,10,62,Patrick_splat_frames_10_062.png,20.2810953576809
Patrick,Patrick,frames,10,63,Patrick_splat_frames_10_063.png,21.276590072822998
Patrick,Patrick,frames,10,64,Patrick_splat_frames_10_064.png,20.009364404516447
Patrick,Patrick,frames,10,65,Patrick_splat_frames_10_065.png,19.111345845092625
Patrick,Patrick,frames,10,66,Patrick_splat_frames_10_066.png,19.526404159957792
Patrick,Patrick,frames,10,67,Patrick_splat_frames_10_067.png,19.22396206846718
Patrick,Patrick,frames,10,68,Patrick_splat_frames_10_068.png,19.882179215357205
Patrick,Patrick,frames,10,69,Patrick_splat_frames_10_069.png,20.52367479023968
Patrick,Patrick,frames,10,70,Patrick_splat_frames_10_070.png,20.52721281602887
Patrick,Patrick,frames,10,71,Patrick_splat_frames_10_071.png,20.143313955401133
Patrick,Patrick,frames,10,72,Patrick_splat_frames_10_072.png,20.14865104513224
Patrick,Patrick,frames,10,73,Patrick_splat_frames_10_073.png,21.033442138044578
Patrick,Patrick,frames,10,74,Patrick_splat_frames_10_074.png,19.427121294843836
Patrick,Patrick,frames,10,75,Patrick_splat_frames_10_075.png,21.304400183170173
Patrick,Patrick,frames,10,76,Patrick_splat_frames_10_076.png,19.693805030440473
Patrick,Patrick,frames,10,77,Patrick_splat_frames_10_077.png,20.468812027026782
Patrick,Patrick,frames,10,78,Patrick_splat_frames_10_078.png,19.56356386086618
Patrick,Patrick,frames,10,79,Patrick_splat_frames_10_079.png,21.625371105736996
Patrick,Patrick,frames,10,80,Patrick_splat_frames_10_080.png,19.410186665733086
Patrick,Patrick,frames,10,81,Patrick_splat_frames_10_081.png,20.03667399167859
Patrick,Patrick,frames,10,82,Patrick_splat_frames_10_082.png,20.45787484333691
Patrick,Patrick,frames,10,83,Patrick_splat_frames_10_083.png,21.35711716852837
Patrick,Patrick,frames,10,84,Patrick_splat_frames_10_084.png,20.454191024778638
Patrick,Patrick,frames,10,85,Patrick_splat_frames_10_085.png,21.221215247489855
Patrick,Patrick,frames,10,86,Patrick_splat_frames_10_086.png,19.392773494362732
Patrick,Patrick,frames,10,87,Patrick_splat_frames_10_087.png,21.779760963733988
Patrick,Patrick,frames,10,88,Patrick_splat_frames_10_088.png,21.507620736885205
Patrick,Patrick,frames,10,89,Patrick_splat_frames_10_089.png,19.112052855113394
Patrick,Patrick,frames,10,90,Patrick_splat_frames_10_090.png,20.461628433245135
Patrick,Patrick,frames,10,91,Patrick_splat_frames_10_091.png,20.944398789572254
Patrick,Patrick,frames,10,92,Patrick_splat_frames_10_092.png,21.03121729418108
Patrick,Patrick,frames,10,93,Patrick_splat_frames_10_093.png,20.822999081933915
Patrick,Patrick,frames,10,94,Patrick_splat_frames_10_094.png,20.681472397468855
Patrick,Patrick,frames,10,95,Patrick_splat_frames_10_095.png,18.352347712411806
Patrick,Patrick,frames,10,96,Patrick_splat_frames_10_096.png,20.331800722912412
Patrick,Patrick,frames,10,97,Patrick_splat_frames_10_097.png,20.540658381932147
Patrick,Patrick,frames,10,98,Patrick_splat_frames_10_098.png,19.620173177001497
Patrick,Patrick,frames,10,99,Patrick_splat_frames_10_099.png,21.294050401962256
Patrick,Patrick,frames,10,100,Patrick_splat_frames_10_100.png,20.92684940823663
Patrick,Patrick,frames,10,101,Patrick_splat_frames_10_101.png,20.487027563842133
Patrick,Patrick,frames,10,102,Patrick_splat_frames_10_102.png,20.518465552112954
Patrick,Patrick,frames,10,103,Patrick_splat_frames_10_103.png,21.43707593560891
Patrick,Patrick,frames,10,104,Patrick_splat_frames_10_104.png,21.943173421893086
Patrick,Patrick,frames,10,105,Patrick_splat_frames_10_105.png,21.03349626820632
Patrick,Patrick,frames,10,106,Patrick_splat_frames_10_106.png,21.621593090039948
Patrick,Patrick,frames,10,107,Patrick_splat_frames_10_107.png,20.334817218349137
Patrick,Patrick,frames,10,108,Patrick_splat_frames_10_108.png,20.910446573939115
Patrick,Patrick,frames,10,109,Patrick_splat_frames_10_109.png,18.09809148948027
Patrick,Patrick,frames,10,110,Patrick_splat_frames_10_110.png,21.304844853511923
Patrick,Patrick,frames,10,111,Patrick_splat_frames_10_111.png,22.298701828643907
Patrick,Patrick,frames,10,112,Patrick_splat_frames_10_112.png,22.01239899642762
Patrick,Patrick,frames,10,113,Patrick_splat_frames_10_113.png,20.224734248095242
Patrick,Patrick,frames,10,114,Patrick_splat_frames_10_114.png,21.60861879261589
Patrick,Patrick,frames,10,115,Patrick_splat_frames_10_115.png,19.474863894655932
Patrick,Patrick,frames,10,116,Patrick_splat_frames_10_116.png,21.089380337572415
Patrick,Patrick,frames,10,117,Patrick_splat_frames_10_117.png,21.561035827907595
Patrick,Patrick,frames,10,118,Patrick_splat_frames_10_118.png,19.663410688339948
Patrick,Patrick,frames,10,119,Patrick_splat_frames_10_119.png,21.154859490159556
Patrick,Patrick,frames,10,120,Patrick_splat_frames_10_120.png,21.57933911407074
Patrick,Patrick,frames,10,121,Patrick_splat_frames_10_121.png,20.641724232964016
Patrick,Patrick,frames,10,122,Patrick_splat_frames_10_122.png,21.24555180572274
Patrick,Patrick,frames,10,123,Patrick_splat_frames_10_123.png,20.361103855340858
Patrick,Patrick,frames,10,124,Patrick_splat_frames_10_124.png,21.647715274127258
Patrick,Patrick,frames,10,125,Patrick_splat_frames_10_125.png,19.997790708868727
Patrick,Patrick,frames,10,126,Patrick_splat_frames_10_126.png,20.668477510616103
Patrick,Patrick,frames,10,127,Patrick_splat_frames_10_127.png,20.797322011582082
Patrick,Patrick,frames,10,128,Patrick_splat_frames_10_128.png,19.803348619418355
Patrick,Patrick,frames,10,129,Patrick_splat_frames_10_129.png,21.123003555942674
Patrick,Patrick,frames,10,130,Patrick_splat_frames_10_130.png,20.47501253861201
Patrick,Patrick,frames,10,131,Patrick_splat_frames_10_131.png,21.77510290052235
Patrick,Patrick,frames,10,132,Patrick_splat_frames_10_132.png,21.327394488904474
Patrick,Patrick,frames,10,133,Patrick_splat_frames_10_133.png,18.66133486000259
Patrick,Patrick,frames,10,134,Patrick_splat_frames_10_134.png,20.458647179183092
Patrick,Patrick,frames,10,135,Patrick_splat_frames_10_135.png,19.975821595366934
Patrick,Patrick,frames,10,136,Patrick_splat_frames_10_136.png,20.347515581495482
Patrick,Patrick,frames,10,137,Patrick_splat_frames_10_137.png,20.073877075625962
Patrick,Patrick,frames,10,138,Patrick_splat_frames_10_138.png,18.27217584940389
Patrick,Patrick,frames,10,139,Patrick_splat_frames_10_139.png,21.351424042995003
Patrick,Patrick,frames,10,140,Patrick_splat_frames_10_140.png,21.177502248189953
Patrick,Patrick,frames,10,141,Patrick_splat_frames_10_141.png,20.629862141120302
Patrick,Patrick,frames,10,142,Patrick_splat_frames_10_142.png,21.064214238268978
Patrick,Patrick,frames,10,143,Patrick_splat_frames_10_143.png,20.119586719560893
Patrick,Patrick,frames,10,144,Patrick_splat_frames_10_144.png,19.32804644159296
Patrick,Patrick,frames,10,145,Patrick_splat_frames_10_145.png,20.34580434957327
Patrick,Patrick,frames,10,146,Patrick_splat_frames_10_146.png,20.07024694135979
Patrick,Patrick,frames,10,147,Patrick_splat_frames_10_147.png,19.934178908111345
Patrick,Patrick,frames,10,148,Patrick_splat_frames_10_148.png,20.138834230064223
Patrick,Patrick,frames,10,149,Patrick_splat_frames_10_149.png,20.387096228524623
Patrick,Patrick,frames,10,150,Patrick_splat_frames_10_150.png,21.616034435553416
Patrick,Patrick,frames,10,151,Patrick_splat_frames_10_151.png,20.670912436593095
Patrick,Patrick,frames,10,152,Patrick_splat_frames_10_152.png,20.64230615012693
Patrick,Patrick,frames,10,153,Patrick_splat_frames_10_153.png,21.702713095130797
Patrick,Patrick,frames,10,154,Patrick_splat_frames_10_154.png,19.1270201818572
Patrick,Patrick,frames,10,155,Patrick_splat_frames_10_155.png,21.23027756143689
Patrick,Patrick,frames,10,156,Patrick_splat_frames_10_156.png,21.30400240388454
Patrick,Patrick,frames,10,157,Patrick_splat_frames_10_157.png,20.699951851436566
Patrick,Patrick,frames,10,158,Patrick_splat_frames_10_158.png,19.493848124860577
Patrick,Patrick,frames,10,159,Patrick_splat_frames_10_159.png,21.55885253844761
Patrick,Patrick,frames,10,160,Patrick_splat_frames_10_160.png,20.921984071107225
Patrick,Patrick,frames,10,161,Patrick_splat_frames_10_161.png,21.0983148971467
Patrick,Patrick,frames,10,162,Patrick_splat_frames_10_162.png,20.547416151288942
Patrick,Patrick,frames,10,163,Patrick_splat_frames_10_163.png,18.92020708867465
Patrick,Patrick,frames,10,164,Patrick_splat_frames_10_164.png,20.342857217328184
Patrick,Patrick,frames,10,165,Patrick_splat_frames_10_165.png,21.640593108246044
Patrick,Patrick,frames,10,166,Patrick_splat_frames_10_166.png,20.571084830314483
Patrick,Patrick,frames,10,168,Patrick_splat_frames_10_168.png,20.600793185277535
Patrick,Patrick,frames,10,169,Patrick_splat_frames_10_169.png,20.917435182565548
Patrick,Patrick,frames,10,170,Patrick_splat_frames_10_170.png,20.11200307780355
Patrick,Patrick,frames,10,171,Patrick_splat_frames_10_171.png,20.829148735934908
Patrick,Patrick,frames,10,172,Patrick_splat_frames_10_172.png,21.448514302464254
Patrick,Patrick,frames,10,173,Patrick_splat_frames_10_173.png,18.23992911551604
Patrick,Patrick,frames,10,174,Patrick_splat_frames_10_174.png,19.98826206136401
Patrick,Patrick,frames,10,175,Patrick_splat_frames_10_175.png,20.6310445625831
Patrick,Patrick,frames,10,176,Patrick_splat_frames_10_176.png,21.250425026570507
Patrick,Patrick,frames,10,177,Patrick_splat_frames_10_177.png,22.097730680096962
Patrick,Patrick,frames,10,178,Patrick_splat_frames_10_178.png,19.913983063594547
Patrick,Patrick,frames,10,179,Patrick_splat_frames_10_179.png,20.72690110082408
Patrick,Patrick,frames,10,180,Patrick_splat_frames_10_180.png,14.46412323035032
Patrick,Patrick,frames,10,181,Patrick_splat_frames_10_181.png,20.648851864348718
Patrick,Patrick,frames,10,182,Patrick_splat_frames_10_182.png,20.86111095614417
Patrick,Patrick,frames,10,183,Patrick_splat_frames_10_183.png,20.709321248673685
Patrick,Patrick,frames,10,184,Patrick_splat_frames_10_184.png,20.836820417425788
Patrick,Patrick,frames,10,185,Patrick_splat_frames_10_185.png,21.20238005852869
Patrick,Patrick,frames,10,186,Patrick_splat_frames_10_186.png,22.515633621622296
Patrick,Patrick,frames,10,187,Patrick_splat_frames_10_187.png,20.963452585124195
Patrick,Patrick,frames,10,188,Patrick_splat_frames_10_188.png,19.984361012801465
Patrick,Patrick,frames,10,189,Patrick_splat_frames_10_189.png,19.977088288513905
Patrick,Patrick,frames,10,190,Patrick_splat_frames_10_190.png,21.023221453767007
Patrick,Patrick,frames,10,191,Patrick_splat_frames_10_191.png,21.21402664511312
Patrick,Patrick,frames,10,192,Patrick_splat_frames_10_192.png,21.8047066339923
Patrick,Patrick,frames,10,193,Patrick_splat_frames_10_193.png,21.92767026854357
Patrick,Patrick,frames,10,194,Patrick_splat_frames_10_194.png,20.84448163260145
Patrick,Patrick,frames,10,195,Patrick_splat_frames_10_195.png,19.453046305479177
Patrick,Patrick,frames,10,196,Patrick_splat_frames_10_196.png,20.403525093485555
Patrick,Patrick,frames,10,197,Patrick_splat_frames_10_197.png,20.99100128883444
Patrick,Patrick,frames,10,198,Patrick_splat_frames_10_198.png,20.251062708393146
Patrick,Patrick,frames,10,199,Patrick_splat_frames_10_199.png,20.947491806993547
Patrick,Patrick,frames,10,200,Patrick_splat_frames_10_200.png,20.982977864909486
Patrick,Patrick,frames,10,201,Patrick_splat_frames_10_201.png,21.358314094758093
Patrick,Patrick,frames,10,202,Patrick_splat_frames_10_202.png,20.718352831721567
Patrick,Patrick,frames,10,203,Patrick_splat_frames_10_203.png,20.64639442263166
Patrick,Patrick,frames,10,204,Patrick_splat_frames_10_204.png,21.245014401265585
Patrick,Patrick,frames,10,205,Patrick_splat_frames_10_205.png,19.693450391067973
Patrick,Patrick,frames,10,206,Patrick_splat_frames_10_206.png,20.04250914220558
Patrick,Patrick,frames,10,207,Patrick_splat_frames_10_207.png,21.366480019925312
Patrick,Patrick,frames,10,208,Patrick_splat_frames_10_208.png,20.836586303541637
Patrick,Patrick,frames,10,209,Patrick_splat_frames_10_209.png,19.60247035744437
Patrick,Patrick,frames,10,210,Patrick_splat_frames_10_210.png,20.571730931761575
Patrick,Patrick,frames,10,211,Patrick_splat_frames_10_211.png,19.704020996093636
Patrick,Patrick,frames,10,212,Patrick_splat_frames_10_212.png,19.98976464606933
Patrick,Patrick,frames,10,213,Patrick_splat_frames_10_213.png,21.10097380948282
Patrick,Patrick,frames,10,214,Patrick_splat_frames_10_214.png,19.99925443275458
Patrick,Patrick,frames,10,215,Patrick_splat_frames_10_215.png,20.11557354451337
Patrick,Patrick,frames,10,216,Patrick_splat_frames_10_216.png,20.597539468077343
Patrick,Patrick,frames,10,217,Patrick_splat_frames_10_217.png,21.260429717185517
Patrick,Patrick,frames,10,218,Patrick_splat_frames_10_218.png,20.650060405760126
Patrick,Patrick,frames,10,219,Patrick_splat_frames_10_219.png,21.22957725905382
Patrick,Patrick,frames,10,220,Patrick_splat_frames_10_220.png,19.755877479412103
Patrick,Patrick,frames,10,221,Patrick_splat_frames_10_221.png,20.70631478338102
Patrick,Patrick,frames,10,222,Patrick_splat_frames_10_222.png,20.239537937251892
Patrick,Patrick,frames,10,223,Patrick_splat_frames_10_223.png,20.577564350105604
Patrick,Patrick,frames,10,224,Patrick_splat_frames_10_224.png,19.791444187642135
Patrick,Patrick,frames,10,225,Patrick_splat_frames_10_225.png,20.75566276488605
Patrick,Patrick,frames,10,226,Patrick_splat_frames_10_226.png,19.29017502670636
Patrick,Patrick,frames,10,227,Patrick_splat_frames_10_227.png,21.485083182683734
Patrick,Patrick,frames,10,228,Patrick_splat_frames_10_228.png,20.924442116128287
Patrick,Patrick,frames,10,229,Patrick_splat_frames_10_229.png,19.456607429196552
Patrick,Patrick,frames,10,230,Patrick_splat_frames_10_230.png,21.15738456803307
Patrick,Patrick,frames,10,231,Patrick_splat_frames_10_231.png,20.45805749561231
Patrick,Patrick,frames,10,232,Patrick_splat_frames_10_232.png,20.012917952249076
Patrick,Patrick,frames,10,233,Patrick_splat_frames_10_233.png,20.68880611483262
Patrick,Patrick,frames,10,234,Patrick_splat_frames_10_234.png,20.373505640162605
Patrick,Patrick,frames,10,235,Patrick_splat_frames_10_235.png,21.60394816276891
Patrick,Patrick,frames,10,236,Patrick_splat_frames_10_236.png,20.303943704298636
Patrick,Patrick,frames,10,237,Patrick_splat_frames_10_237.png,21.254340349844245
Patrick,Patrick,frames,10,238,Patrick_splat_frames_10_238.png,20.90807302998038
Patrick,Patrick,frames,10,239,Patrick_splat_frames_10_239.png,19.555407115651285
Patrick,Patrick,frames,10,240,Patrick_splat_frames_10_240.png,20.802057992142423
Patrick,Patrick,frames,10,241,Patrick_splat_frames_10_241.png,20.045387208315347
Patrick,Patrick,frames,10,242,Patrick_splat_frames_10_242.png,20.79664434853013
Patrick,Patrick,frames,10,243,Patrick_splat_frames_10_243.png,20.75198699408352
Patrick,Patrick,frames,10,244,Patrick_splat_frames_10_244.png,20.18977627076529
Patrick,Patrick,frames,10,245,Patrick_splat_frames_10_245.png,19.804944410866668
Patrick,Patrick,frames,10,246,Patrick_splat_frames_10_246.png,21.597607187309737
Patrick,Patrick,frames,10,247,Patrick_splat_frames_10_247.png,20.76026355740752
Patrick,Patrick,frames,10,248,Patrick_splat_frames_10_248.png,19.793148802584707
Patrick,Patrick,frames,10,249,Patrick_splat_frames_10_249.png,20.578930049062272
Patrick,Patrick,frames,10,250,Patrick_splat_frames_10_250.png,20.87385402279284
Patrick,Patrick,frames,10,251,Patrick_splat_frames_10_251.png,19.58026466671213
Patrick,Patrick,frames,10,252,Patrick_splat_frames_10_252.png,20.409384410299438
Patrick,Patrick,frames,10,253,Patrick_splat_frames_10_253.png,20.661038774668796
Patrick,Patrick,frames,10,254,Patrick_splat_frames_10_254.png,19.910232215129604
Patrick,Patrick,frames,10,255,Patrick_splat_frames_10_255.png,20.59092583948704
Patrick,Patrick,frames,10,256,Patrick_splat_frames_10_256.png,20.295508001708022
Patrick,Patrick,frames,10,257,Patrick_splat_frames_10_257.png,20.272677157260752
Patrick,Patrick,frames,10,258,Patrick_splat_frames_10_258.png,20.416005668174016
Patrick,Patrick,frames,10,259,Patrick_splat_frames_10_259.png,19.831687261200027
Patrick,Patrick,frames,10,260,Patrick_splat_frames_10_260.png,21.67350275623324
Patrick,Patrick,frames,10,261,Patrick_splat_frames_10_261.png,19.67349360475939
Patrick,Patrick,frames,10,262,Patrick_splat_frames_10_262.png,20.625467778147097
Patrick,Patrick,frames,10,263,Patrick_splat_frames_10_263.png,19.831969749440628
Patrick,Patrick,frames,10,264,Patrick_splat_frames_10_264.png,19.729571613267403
Patrick,Patrick,frames,10,265,Patrick_splat_frames_10_265.png,20.8515223532167
Patrick,Patrick,frames,10,266,Patrick_splat_frames_10_266.png,20.177038674391007
Patrick,Patrick,frames,10,267,Patrick_splat_frames_10_267.png,20.585892663208142
Patrick,Patrick,frames,10,268,Patrick_splat_frames_10_268.png,20.64762084026604
Patrick,Patrick,frames,10,269,Patrick_splat_frames_10_269.png,19.6867300027293
Patrick,Patrick,frames,10,270,Patrick_splat_frames_10_270.png,20.569603954025308
Patrick,Patrick,frames,10,271,Patrick_splat_frames_10_271.png,20.77683160031465
Patrick,Patrick,frames,10,272,Patrick_splat_frames_10_272.png,20.291777940253386
Patrick,Patrick,frames,10,273,Patrick_splat_frames_10_273.png,20.732963803076917
Patrick,Patrick,frames,10,274,Patrick_splat_frames_10_274.png,20.349501351547975
Patrick,Patrick,frames,10,275,Patrick_splat_frames_10_275.png,19.74447842530622
Patrick,Patrick,frames,10,276,Patrick_splat_frames_10_276.png,20.213442460703682
Patrick,Patrick,frames,10,277,Patrick_splat_frames_10_277.png,21.251491272579692
Patrick,Patrick,frames,10,278,Patrick_splat_frames_10_278.png,20.335499470179972
Patrick,Patrick,frames,10,279,Patrick_splat_frames_10_279.png,20.481017692459325
Patrick,Patrick,frames,10,280,Patrick_splat_frames_10_280.png,19.086553149065363
Patrick,Patrick,frames,10,281,Patrick_splat_frames_10_281.png,20.555955717845062
Patrick,Patrick,frames,10,282,Patrick_splat_frames_10_282.png,21.013210362100793
Patrick,Patrick,frames,10,283,Patrick_splat_frames_10_283.png,20.868396221922232
Patrick,Patrick,frames,10,284,Patrick_splat_frames_10_284.png,20.131050463188217
Patrick,Patrick,frames,10,285,Patrick_splat_frames_10_285.png,20.28835310708874
Patrick,Patrick,frames,10,286,Patrick_splat_frames_10_286.png,21.064974617421935
Patrick,Patrick,frames,10,287,Patrick_splat_frames_10_287.png,20.682030305371075
Patrick,Patrick,frames,10,288,Patrick_splat_frames_10_288.png,19.78273277178268
Patrick,Patrick,frames,10,289,Patrick_splat_frames_10_289.png,20.7836310912854
Patrick,Patrick,frames,10,290,Patrick_splat_frames_10_290.png,20.508895119703894
Patrick,Patrick,frames,10,291,Patrick_splat_frames_10_291.png,19.785031172282462
Patrick,Patrick,frames,10,292,Patrick_splat_frames_10_292.png,19.926549598781385
Patrick,Patrick,frames,10,293,Patrick_splat_frames_10_293.png,19.82239957331041
Patrick,Patrick,frames,10,294,Patrick_splat_frames_10_294.png,20.278960503128335
Patrick,Patrick,frames,10,295,Patrick_splat_frames_10_295.png,19.114943778579363
Patrick,Patrick,frames,10,296,Patrick_splat_frames_10_296.png,20.981121338066227
Patrick,Patrick,frames,10,297,Patrick_splat_frames_10_297.png,20.705767441926586
Patrick,Patrick,frames,10,298,Patrick_splat_frames_10_298.png,18.800265256155328
Patrick,Patrick,frames,10,299,Patrick_splat_frames_10_299.png,20.62551025442295
Patrick,Patrick,frames,10,300,Patrick_splat_frames_10_300.png,21.46291774768377
Patrick,Patrick,frames,10,301,Patrick_splat_frames_10_301.png,20.869927745840208
Patrick,Patrick,frames,10,302,Patrick_splat_frames_10_302.png,21.461883172315225
Patrick,Patrick,frames,10,303,Patrick_splat_frames_10_303.png,20.851127210753987
Patrick,Patrick,frames,10,304,Patrick_splat_frames_10_304.png,19.816508270873396
Patrick,Patrick,frames,10,305,Patrick_splat_frames_10_305.png,20.87814117529811
Patrick,Patrick,frames,10,306,Patrick_splat_frames_10_306.png,21.57381999352055
Patrick,Patrick,frames,10,307,Patrick_splat_frames_10_307.png,20.752111835841266
Patrick,Patrick,frames,10,308,Patrick_splat_frames_10_308.png,20.63445982754878
Patrick,Patrick,frames,10,309,Patrick_splat_frames_10_309.png,20.739586423750453
Patrick,Patrick,frames,10,310,Patrick_splat_frames_10_310.png,20.476982311798444
Patrick,Patrick,frames,10,311,Patrick_splat_frames_10_311.png,20.818011865370387
Patrick,Patrick,frames,10,312,Patrick_splat_frames_10_312.png,20.62675710772142
Patrick,Patrick,frames,10,313,Patrick_splat_frames_10_313.png,20.334681749511073
Patrick,Patrick,frames,10,314,Patrick_splat_frames_10_314.png,19.690447374312953
Patrick,Patrick,frames,100,0,Patrick_splat_frames_100_000.png,22.21247414558576
Patrick,Patrick,frames,100,1,Patrick_splat_frames_100_001.png,21.478990005283116
Patrick,Patrick,frames,100,2,Patrick_splat_frames_100_002.png,21.82077233109567
Patrick,Patrick,frames,100,3,Patrick_splat_frames_100_003.png,21.41194681538495
Patrick,Patrick,frames,100,4,Patrick_splat_frames_100_004.png,25.31084994622095
Patrick,Patrick,frames,100,5,Patrick_splat_frames_100_005.png,24.59356290234123
Patrick,Patrick,frames,100,6,Patrick_splat_frames_100_006.png,25.061407943564117
Patrick,Patrick,frames,100,7,Patrick_splat_frames_100_007.png,25.14650525913485
Patrick,Patrick,frames,100,8,Patrick_splat_frames_100_008.png,25.49093091118636
Patrick,Patrick,frames,100,9,Patrick_splat_frames_100_009.png,24.623485001718386
Patrick,Patrick,frames,100,10,Patrick_splat_frames_100_010.png,24.708129893171726
Patrick,Patrick,frames,100,11,Patrick_splat_frames_100_011.png,25.753223747036316
Patrick,Patrick,frames,100,12,Patrick_splat_frames_100_012.png,24.88794248453089
Patrick,Patrick,frames,100,13,Patrick_splat_frames_100_013.png,24.71809741079469
Patrick,Patrick,frames,100,14,Patrick_splat_frames_100_014.png,24.127827538274115
Patrick,Patrick,frames,100,15,Patrick_splat_frames_100_015.png,23.794956559738427
Patrick,Patrick,frames,100,16,Patrick_splat_frames_100_016.png,24.270878013722886
Patrick,Patrick,frames,100,17,Patrick_splat_frames_100_017.png,23.829666883991077
Patrick,Patrick,frames,100,18,Patrick_splat_frames_100_018.png,23.357542633822455
Patrick,Patrick,frames,100,19,Patrick_splat_frames_100_019.png,23.925669524661902
Patrick,Patrick,frames,100,20,Patrick_splat_frames_100_020.png,23.647544379707803
Patrick,Patrick,frames,100,21,Patrick_splat_frames_100_021.png,23.020321140190546
Patrick,Patrick,frames,100,22,Patrick_splat_frames_100_022.png,23.008156082669238
Patrick,Patrick,frames,100,23,Patrick_splat_frames_100_023.png,22.839167220986955
Patrick,Patrick,frames,100,24,Patrick_splat_frames_100_024.png,23.071177578435616
Patrick,Patrick,frames,100,25,Patrick_splat_frames_100_025.png,22.685822036031045
Patrick,Patrick,frames,100,26,Patrick_splat_frames_100_026.png,23.372628705723784
Patrick,Patrick,frames,100,27,Patrick_splat_frames_100_027.png,22.71021095300831
Patrick,Patrick,frames,100,28,Patrick_splat_frames_100_028.png,23.216533634455185
Patrick,Patrick,frames,100,29,Patrick_splat_frames_100_029.png,23.12440213561373
Patrick,Patrick,frames,100,30,Patrick_splat_frames_100_030.png,22.584535066794636
Patrick,Patrick,frames,100,31,Patrick_splat_frames_100_031.png,23.029017431179398
Patrick,Patrick,frames,100,32,Patrick_splat_frames_100_032.png,22.54040909595933
Patrick,Patrick,frames,100,33,Patrick_splat_frames_100_033.png,22.797116888662543
Patrick,Patrick,frames,100,34,Patrick_splat_frames_100_034.png,22.780190808596107
Patrick,Patrick,frames,100,35,Patrick_splat_frames_100_035.png,22.068577765600608
Patrick,Patrick,frames,100,36,Patrick_splat_frames_100_036.png,22.80911729622252
Patrick,Patrick,frames,100,37,Patrick_splat_frames_100_037.png,21.986214215002157
Patrick,Patrick,frames,100,38,Patrick_splat_frames_100_038.png,22.767486930914863
Patrick,Patrick,frames,100,39,Patrick_splat_frames_100_039.png,22.8541721579953
Patrick,Patrick,frames,100,40,Patrick_splat_frames_100_040.png,22.592667752298283
Patrick,Patrick,frames,100,41,Patrick_splat_frames_100_041.png,22.95656583797829
Patrick,Patrick,frames,100,42,Patrick_splat_frames_100_042.png,23.009122107783945
Patrick,Patrick,frames,100,43,Patrick_splat_frames_100_043.png,22.766767597726776
Patrick,Patrick,frames,100,44,Patrick_splat_frames_100_044.png,22.83787624647115
Patrick,Patrick,frames,100,45,Patrick_splat_frames_100_045.png,23.104774784942247
Patrick,Patrick,frames,100,46,Patrick_splat_frames_100_046.png,23.243833150613213
Patrick,Patrick,frames,100,47,Patrick_splat_frames_100_047.png,23.596212006523388
Patrick,Patrick,frames,100,48,Patrick_splat_frames_100_048.png,22.445245474611188
Patrick,Patrick,frames,100,49,Patrick_splat_frames_100_049.png,22.791397787647956
Patrick,Patrick,frames,100,50,Patrick_splat_frames_100_050.png,22.638323794268786
Patrick,Patrick,frames,100,51,Patrick_splat_frames_100_051.png,23.330783429393986
Patrick,Patrick,frames,100,52,Patrick_splat_frames_100_052.png,23.437401051264576
Patrick,Patrick,frames,100,53,Patrick_splat_frames_100_053.png,23.336060443170574
Patrick,Patrick,frames,100,54,Patrick_splat_frames_100_054.png,23.135409572098563
Patrick,Patrick,frames,100,55,Patrick_splat_frames_100_055.png,22.76519940532637
Patrick,Patrick,frames,100,56,Patrick_splat_frames_100_056.png,23.602198125077983
Patrick,Patrick,frames,100,57,Patrick_splat_frames_100_057.png,23.03181840836011
Patrick,Patrick,frames,100,58,Patrick_splat_frames_100_058.png,23.51180100463216
Patrick,Patrick,frames,100,59,Patrick_splat_frames_100_059.png,22.840775511230248
Patrick,Patrick,frames,100,60,Patrick_splat_frames_100_060.png,22.791287966501237
Patrick,Patrick,frames,100,61,Patrick_splat_frames_100_061.png,22.93713235862617
Patrick,Patrick,frames,100,62,Patrick_splat_frames_100_062.png,22.553138016850014
Patrick,Patrick,frames,100,63,Patrick_splat_frames_100_063.png,22.863270703246418
Patrick,Patrick,frames,100,64,Patrick_splat_frames_100_064.png,23.124355821992204
Patrick,Patrick,frames,100,65,Patrick_splat_frames_100_065.png,23.549807653391504
Patrick,Patrick,frames,100,66,Patrick_splat_frames_100_066.png,23.6653461515964
Patrick,Patrick,frames,100,67,Patrick_splat_frames_100_067.png,23.945443787245686
Patrick,Patrick,frames,100,68,Patrick_splat_frames_100_068.png,23.447148985254493
Patrick,Patrick,frames,100,69,Patrick_splat_frames_100_069.png,23.313815713547477
Patrick,Patrick,frames,100,70,Patrick_splat_frames_100_070.png,23.85930769934673
Patrick,Patrick,frames,100,71,Patrick_splat_frames_100_071.png,23.831625653872077
Patrick,Patrick,frames,100,72,Patrick_splat_frames_100_072.png,23.383374244384033
Patrick,Patrick,frames,100,73,Patrick_splat_frames_100_073.png,23.340655873064055
Patrick,Patrick,frames,100,74,Patrick_splat_frames_100_074.png,23.507822386699996
Patrick,Patrick,frames,100,75,Patrick_splat_frames_100_075.png,23.13027252469051
Patrick,Patrick,frames,100,76,Patrick_splat_frames_100_076.png,23.558572521167598
Patrick,Patrick,frames,100,77,Patrick_splat_frames_100_077.png,22.795353803097406
Patrick,Patrick,frames,100,78,Patrick_splat_frames_100_078.png,23.66014767554502
Patrick,Patrick,frames,100,79,Patrick_splat_frames_100_079.png,23.74494130640782
Patrick,Patrick,frames,100,80,Patrick_splat_frames_100_080.png,22.825328370159244
Patrick,Patrick,frames,100,81,Patrick_splat_frames_100_081.png,23.177887577170083
Patrick,Patrick,frames,100,82,Patrick_splat_frames_100_082.png,23.56878479095066
Patrick,Patrick,frames,100,83,Patrick_splat_frames_100_083.png,23.239671508715418
Patrick,Patrick,frames,100,84,Patrick_splat_frames_100_084.png,23.71682290881541
Patrick,Patrick,frames,100,85,Patrick_splat_frames_100_085.png,22.807528293062333
Patrick,Patrick,frames,100,86,Patrick_splat_frames_100_086.png,24.36822201569274
Patrick,Patrick,frames,100,87,Patrick_splat_frames_100_087.png,23.752682316807142
Patrick,Patrick,frames,100,88,Patrick_splat_frames_100_088.png,23.144075337703143
Patrick,Patrick,frames,100,89,Patrick_splat_frames_100_089.png,22.98841581828642
Patrick,Patrick,frames,100,90,Patrick_splat_frames_100_090.png,23.2107969548669
Patrick,Patrick,frames,100,91,Patrick_splat_frames_100_091.png,23.94908050090359
Patrick,Patrick,frames,100,92,Patrick_splat_frames_100_092.png,22.601988687811136
Patrick,Patrick,frames,100,93,Patrick_splat_frames_100_093.png,23.757028438083033
Patrick,Patrick,frames,100,94,Patrick_splat_frames_100_094.png,23.278976038133038
Patrick,Patrick,frames,100,95,Patrick_splat_frames_100_095.png,22.976036157035814
Patrick,Patrick,frames,100,96,Patrick_splat_frames_100_096.png,23.249463194616183
Patrick,Patrick,frames,100,97,Patrick_splat_frames_100_097.png,22.727381461567674
Patrick,Patrick,frames,100,98,Patrick_splat_frames_100_098.png,24.024340763696532
Patrick,Patrick,frames,100,99,Patrick_splat_frames_100_099.png,23.250030161772955
Patrick,Patrick,frames,100,100,Patrick_splat_frames_100_100.png,22.529716155357605
Patrick,Patrick,frames,100,101,Patrick_splat_frames_100_101.png,23.678412789820356
Patrick,Patrick,frames,100,102,Patrick_splat_frames_100_102.png,23.295508120084047
Patrick,Patrick,frames,100,103,Patrick_splat_frames_100_103.png,23.819650175972704
Patrick,Patrick,frames,100,104,Patrick_splat_frames_100_104.png,23.161136830392827
Patrick,Patrick,frames,100,105,Patrick_splat_frames_100_105.png,23.4140689062949
Patrick,Patrick,frames,100,106,Patrick_splat_frames_100_106.png,23.532974555915807
Patrick,Patrick,frames,100,107,Patrick_splat_frames_100_107.png,24.03737042709302
Patrick,Patrick,frames,100,108,Patrick_splat_frames_100_108.png,22.95748438832601
Patrick,Patrick,frames,100,109,Patrick_splat_frames_100_109.png,23.397352511711873
Patrick,Patrick,frames,100,110,Patrick_splat_frames_100_110.png,23.81441728451634
Patrick,Patrick,frames,100,111,Patrick_splat_frames_100_111.png,24.252923602579646
Patrick,Patrick,frames,100,112,Patrick_splat_frames_100_112.png,22.903843241835617
Patrick,Patrick,frames,100,113,Patrick_splat_frames_100_113.png,23.970418233165415
Patrick,Patrick,frames,100,114,Patrick_splat_frames_100_114.png,23.76465212171582
Patrick,Patrick,frames,100,115,Patrick_splat_frames_100_115.png,23.31090280878258
Patrick,Patrick,frames,100,116,Patrick_splat_frames_100_116.png,23.874011730178847
Patrick,Patrick,frames,100,117,Patrick_splat_frames_100_117.png,22.80603079031173
Patrick,Patrick,frames,100,118,Patrick_splat_frames_100_118.png,23.548779608873
Patrick,Patrick,frames,100,119,Patrick_splat_frames_100_119.png,23.643152867166492
Patrick,Patrick,frames,100,120,Patrick_splat_frames_100_120.png,23.129582984888902
Patrick,Patrick,frames,100,121,Patrick_splat_frames_100_121.png,23.327343981399984
Patrick,Patrick,frames,100,122,Patrick_splat_frames_100_122.png,22.86356653378807
Patrick,Patrick,frames,100,123,Patrick_splat_frames_100_123.png,23.264691112053292
Patrick,Patrick,frames,100,124,Patrick_splat_frames_100_124.png,23.74928934928025
Patrick,Patrick,frames,100,125,Patrick_splat_frames_100_125.png,22.95892063335538
Patrick,Patrick,frames,100,126,Patrick_splat_frames_100_126.png,24.470612486649653
Patrick,Patrick,frames,100,127,Patrick_splat_frames_100_127.png,23.849754049842144
Patrick,Patrick,frames,100,128,Patrick_splat_frames_100_128.png,24.083217081755638
Patrick,Patrick,frames,100,129,Patrick_splat_frames_100_129.png,23.70178924360633
Patrick,Patrick,frames,100,130,Patrick_splat_frames_100_130.png,23.996788668744102
Patrick,Patrick,frames,100,131,Patrick_splat_frames_100_131.png,24.06462617614491
Patrick,Patrick,frames,100,132,Patrick_splat_frames_100_132.png,23.32055526651885
Patrick,Patrick,frames,100,133,Patrick_splat_frames_100_133.png,23.151036179014802
Patrick,Patrick,frames,100,134,Patrick_splat_frames_100_134.png,23.855142509741167
Patrick,Patrick,frames,100,135,Patrick_splat_frames_100_135.png,23.905268494867343
Patrick,Patrick,frames,100,136,Patrick_splat_frames_100_136.png,23.39581778266674
Patrick,Patrick,frames,100,137,Patrick_splat_frames_100_137.png,24.197304709781832
Patrick,Patrick,frames,100,138,Patrick_splat_frames_100_138.png,23.750726809336946
Patrick,Patrick,frames,100,139,Patrick_splat_frames_100_139.png,22.92338647064211
Patrick,Patrick,frames,100,140,Patrick_splat_frames_100_140.png,23.19717078719002
Patrick,Patrick,frames,100,141,Patrick_splat_frames_100_141.png,23.576057779068105
Patrick,Patrick,frames,100,142,Patrick_splat_frames_100_142.png,23.631113084881857
Patrick,Patrick,frames,100,143,Patrick_splat_frames_100_143.png,23.764628950756475
Patrick,Patrick,frames,100,144,Patrick_splat_frames_100_144.png,23.414339321318973
Patrick,Patrick,frames,100,145,Patrick_splat_frames_100_145.png,23.636883188673835
Patrick,Patrick,frames,100,146,Patrick_splat_frames_100_146.png,23.7699304534624
Patrick,Patrick,frames,100,147,Patrick_splat_frames_100_147.png,23.4081973988868
Patrick,Patrick,frames,100,148,Patrick_splat_frames_100_148.png,23.342641585219063
Patrick,Patrick,frames,100,149,Patrick_splat_frames_100_149.png,24.333615860146736
Patrick,Patrick,frames,100,150,Patrick_splat_frames_100_150.png,23.288037751176404
Patrick,Patrick,frames,100,151,Patrick_splat_frames_100_151.png,24.332404281695492
Patrick,Patrick,frames,100,152,Patrick_splat_frames_100_152.png,23.13215937836326
Patrick,Patrick,frames,100,153,Patrick_splat_frames_100_153.png,23.031777168281682
Patrick,Patrick,frames,100,154,Patrick_splat_frames_100_154.png,23.76750169093008
Patrick,Patrick,frames,100,155,Patrick_splat_frames_100_155.png,23.365480738646454
Patrick,Patrick,frames,100,156,Patrick_splat_frames_100_156.png,23.61064475178599
Patrick,Patrick,frames,100,157,Patrick_splat_frames_100_157.png,23.095822145067313
Patrick,Patrick,frames,100,158,Patrick_splat_frames_100_158.png,23.691453263855912
Patrick,Patrick,frames,100,159,Patrick_splat_frames_100_159.png,23.860351797144737
Patrick,Patrick,frames,100,160,Patrick_splat_frames_100_160.png,23.382020592307818
Patrick,Patrick,frames,100,161,Patrick_splat_frames_100_161.png,23.7013780720738
Patrick,Patrick,frames,100,162,Patrick_splat_frames_100_162.png,23.440165540859155
Patrick,Patrick,frames,100,163,Patrick_splat_frames_100_163.png,23.552648450386208
Patrick,Patrick,frames,100,164,Patrick_splat_frames_100_164.png,23.87004000483586
Patrick,Patrick,frames,100,165,Patrick_splat_frames_100_165.png,23.79604847700383
Patrick,Patrick,frames,100,166,Patrick_splat_frames_100_166.png,23.843239162559936
Patrick,Patrick,frames,100,168,Patrick_splat_frames_100_168.png,23.238968199613627
Patrick,Patrick,frames,100,169,Patrick_splat_frames_100_169.png,23.79871234372231
Patrick,Patrick,frames,100,170,Patrick_splat_frames_100_170.png,23.66694354716936
Patrick,Patrick,frames,100,171,Patrick_splat_frames_100_171.png,23.74074369692448
Patrick,Patrick,frames,100,172,Patrick_splat_frames_100_172.png,22.683156596492342
Patrick,Patrick,frames,100,173,Patrick_splat_frames_100_173.png,23.93770269364364
Patrick,Patrick,frames,100,174,Patrick_splat_frames_100_174.png,23.263617180993204
Patrick,Patrick,frames,100,175,Patrick_splat_frames_100_175.png,24.368772646736836
Patrick,Patrick,frames,100,176,Patrick_splat_frames_100_176.png,24.00238602517513
Patrick,Patrick,frames,100,177,Patrick_splat_frames_100_177.png,23.29183241498198
Patrick,Patrick,frames,100,178,Patrick_splat_frames_100_178.png,23.540630019536266
Patrick,Patrick,frames,100,179,Patrick_splat_frames_100_179.png,23.533370905634442
Patrick,Patrick,frames,100,180,Patrick_splat_frames_100_180.png,24.402085324387862
Patrick,Patrick,frames,100,181,Patrick_splat_frames_100_181.png,24.58758782387784
Patrick,Patrick,frames,100,182,Patrick_splat_frames_100_182.png,23.318027753695066
Patrick,Patrick,frames,100,183,Patrick_splat_frames_100_183.png,23.518353520456905
Patrick,Patrick,frames,100,184,Patrick_splat_frames_100_184.png,24.234492845383517
Patrick,Patrick,frames,100,185,Patrick_splat_frames_100_185.png,23.117112520550776
Patrick,Patrick,frames,100,186,Patrick_splat_frames_100_186.png,24.037413116843737
Patrick,Patrick,frames,100,187,Patrick_splat_frames_100_187.png,23.28015855514273
Patrick,Patrick,frames,100,188,Patrick_splat_frames_100_188.png,24.011261670493408
Patrick,Patrick,frames,100,189,Patrick_splat_frames_100_189.png,22.993502198034065
Patrick,Patrick,frames,100,190,Patrick_splat_frames_100_190.png,23.12140662442564
Patrick,Patrick,frames,100,191,Patrick_splat_frames_100_191.png,23.372575138320574
Patrick,Patrick,frames,100,192,Patrick_splat_frames_100_192.png,22.88730977829473
Patrick,Patrick,frames,100,193,Patrick_splat_frames_100_193.png,22.543338698889222
Patrick,Patrick,frames,100,194,Patrick_splat_frames_100_194.png,22.745013825742333
Patrick,Patrick,frames,100,195,Patrick_splat_frames_100_195.png,22.687425230585877
Patrick,Patrick,frames,100,196,Patrick_splat_frames_100_196.png,23.008129372429234
Patrick,Patrick,frames,100,197,Patrick_splat_frames_100_197.png,23.351287612846793
Patrick,Patrick,frames,100,198,Patrick_splat_frames_100_198.png,22.937874325810014
Patrick,Patrick,frames,100,199,Patrick_splat_frames_100_199.png,22.359172987308106
Patrick,Patrick,frames,100,200,Patrick_splat_frames_100_200.png,23.203279079836257
Patrick,Patrick,frames,100,201,Patrick_splat_frames_100_201.png,22.632551047449162
Patrick,Patrick,frames,100,202,Patrick_splat_frames_100_202.png,22.754020287714486
Patrick,Patrick,frames,100,203,Patrick_splat_frames_100_203.png,22.84382029806523
Patrick,Patrick,frames,100,204,Patrick_splat_frames_100_204.png,22.87807748106561
Patrick,Patrick,frames,100,205,Patrick_splat_frames_100_205.png,22.593951139853846
Patrick,Patrick,frames,100,206,Patrick_splat_frames_100_206.png,22.249634838537233
Patrick,Patrick,frames,100,207,Patrick_splat_frames_100_207.png,22.285851309664956
Patrick,Patrick,frames,100,208,Patrick_splat_frames_100_208.png,22.74756001610758
Patrick,Patrick,frames,100,209,Patrick_splat_frames_100_209.png,22.503261122922076
Patrick,Patrick,frames,100,210,Patrick_splat_frames_100_210.png,23.030404088168265
Patrick,Patrick,frames,100,211,Patrick_splat_frames_100_211.png,22.138498330012265
Patrick,Patrick,frames,100,212,Patrick_splat_frames_100_212.png,22.85672598981312
Patrick,Patrick,frames,100,213,Patrick_splat_frames_100_213.png,22.729938138903186
Patrick,Patrick,frames,100,214,Patrick_splat_frames_100_214.png,21.89705564943814
Patrick,Patrick,frames,100,215,Patrick_splat_frames_100_215.png,22.76227364985374
Patrick,Patrick,frames,100,216,Patrick_splat_frames_100_216.png,22.675294027056733
Patrick,Patrick,frames,100,217,Patrick_splat_frames_100_217.png,22.83674693672104
Patrick,Patrick,frames,100,218,Patrick_splat_frames_100_218.png,22.752296290081148
Patrick,Patrick,frames,100,219,Patrick_splat_frames_100_219.png,22.55218046908656
Patrick,Patrick,frames,100,220,Patrick_splat_frames_100_220.png,22.751799077396605
Patrick,Patrick,frames,100,221,Patrick_splat_frames_100_221.png,22.631305931543835
Patrick,Patrick,frames,100,222,Patrick_splat_frames_100_222.png,22.79166188657443
Patrick,Patrick,frames,100,223,Patrick_splat_frames_100_223.png,22.812576096588803
Patrick,Patrick,frames,100,224,Patrick_splat_frames_100_224.png,22.70235937896848
Patrick,Patrick,frames,100,225,Patrick_splat_frames_100_225.png,23.218659353959783
Patrick,Patrick,frames,100,226,Patrick_splat_frames_100_226.png,22.923653569072286
Patrick,Patrick,frames,100,227,Patrick_splat_frames_100_227.png,22.69891158303054
Patrick,Patrick,frames,100,228,Patrick_splat_frames_100_228.png,22.576465046244515
Patrick,Patrick,frames,100,229,Patrick_splat_frames_100_229.png,22.683170963092007
Patrick,Patrick,frames,100,230,Patrick_splat_frames_100_230.png,22.883260788073237
Patrick,Patrick,frames,100,231,Patrick_splat_frames_100_231.png,22.35318476967523
Patrick,Patrick,frames,100,232,Patrick_splat_frames_100_232.png,22.821770927252103
Patrick,Patrick,frames,100,233,Patrick_splat_frames_100_233.png,22.55710016253904
Patrick,Patrick,frames,100,234,Patrick_splat_frames_100_234.png,21.782239411235103
Patrick,Patrick,frames,100,235,Patrick_splat_frames_100_235.png,22.639309343119336
Patrick,Patrick,frames,100,236,Patrick_splat_frames_100_236.png,22.514482022860886
Patrick,Patrick,frames,100,237,Patrick_splat_frames_100_237.png,22.437255918169935
Patrick,Patrick,frames,100,238,Patrick_splat_frames_100_238.png,22.78784693285344
Patrick,Patrick,frames,100,239,Patrick_splat_frames_100_239.png,22.409104438523812
Patrick,Patrick,frames,100,240,Patrick_splat_frames_100_240.png,23.059077659650033
Patrick,Patrick,frames,100,241,Patrick_splat_frames_100_241.png,22.628368587171508
Patrick,Patrick,frames,100,242,Patrick_splat_frames_100_242.png,23.103656187644805
Patrick,Patrick,frames,100,243,Patrick_splat_frames_100_243.png,22.629639001654272
Patrick,Patrick,frames,100,244,Patrick_splat_frames_100_244.png,22.81987312740601
Patrick,Patrick,frames,100,245,Patrick_splat_frames_100_245.png,22.32581000345503
Patrick,Patrick,frames,100,246,Patrick_splat_frames_100_246.png,22.88673558519416
Patrick,Patrick,frames,100,247,Patrick_splat_frames_100_247.png,22.54453011921136
Patrick,Patrick,frames,100,248,Patrick_splat_frames_100_248.png,22.439696027321144
Patrick,Patrick,frames,100,249,Patrick_splat_frames_100_249.png,22.68010456174569
Patrick,Patrick,frames,100,250,Patrick_splat_frames_100_250.png,22.553895562648968
Patrick,Patrick,frames,100,251,Patrick_splat_frames_100_251.png,23.287011808921054
Patrick,Patrick,frames,100,252,Patrick_splat_frames_100_252.png,22.353187417193887
Patrick,Patrick,frames,100,253,Patrick_splat_frames_100_253.png,21.84880508379214
Patrick,Patrick,frames,100,254,Patrick_splat_frames_100_254.png,22.318811076724103
Patrick,Patrick,frames,100,255,Patrick_splat_frames_100_255.png,23.0839261820085
Patrick,Patrick,frames,100,256,Patrick_splat_frames_100_256.png,22.607482888262386
Patrick,Patrick,frames,100,257,Patrick_splat_frames_100_257.png,22.874130319122838
Patrick,Patrick,frames,100,258,Patrick_splat_frames_100_258.png,22.727374077451326
Patrick,Patrick,frames,100,259,Patrick_splat_frames_100_259.png,22.24542219332423
Patrick,Patrick,frames,100,260,Patrick_splat_frames_100_260.png,22.98500589949186
Patrick,Patrick,frames,100,261,Patrick_splat_frames_100_261.png,22.61581661483419
Patrick,Patrick,frames,100,262,Patrick_splat_frames_100_262.png,23.33637936164081
Patrick,Patrick,frames,100,263,Patrick_splat_frames_100_263.png,22.342043833236104
Patrick,Patrick,frames,100,264,Patrick_splat_frames_100_264.png,22.648550244545902
Patrick,Patrick,frames,100,265,Patrick_splat_frames_100_265.png,23.15171490852654
Patrick,Patrick,frames,100,266,Patrick_splat_frames_100_266.png,22.975076653931673
Patrick,Patrick,frames,100,267,Patrick_splat_frames_100_267.png,22.677951874732102
Patrick,Patrick,frames,100,268,Patrick_splat_frames_100_268.png,22.30718913197277
Patrick,Patrick,frames,100,269,Patrick_splat_frames_100_269.png,23.083903239953326
Patrick,Patrick,frames,100,270,Patrick_splat_frames_100_270.png,22.527972075683643
Patrick,Patrick,frames,100,271,Patrick_splat_frames_100_271.png,22.542207384042406
Patrick,Patrick,frames,100,272,Patrick_splat_frames_100_272.png,22.60996009647601
Patrick,Patrick,frames,100,273,Patrick_splat_frames_100_273.png,22.11659406031487
Patrick,Patrick,frames,100,274,Patrick_splat_frames_100_274.png,22.35416726565699
Patrick,Patrick,frames,100,275,Patrick_splat_frames_100_275.png,22.601332030493122
Patrick,Patrick,frames,100,276,Patrick_splat_frames_100_276.png,22.567707997441747
Patrick,Patrick,frames,100,277,Patrick_splat_frames_100_277.png,22.37919360825039
Patrick,Patrick,frames,100,278,Patrick_splat_frames_100_278.png,22.442789845668987
Patrick,Patrick,frames,100,279,Patrick_splat_frames_100_279.png,22.4176730430678
Patrick,Patrick,frames,100,280,Patrick_splat_frames_100_280.png,21.783530011575785
Patrick,Patrick,frames,100,281,Patrick_splat_frames_100_281.png,22.480201092688958
Patrick,Patrick,frames,100,282,Patrick_splat_frames_100_282.png,22.53092891026855
Patrick,Patrick,frames,100,283,Patrick_splat_frames_100_283.png,22.089560553059382
Patrick,Patrick,frames,100,284,Patrick_splat_frames_100_284.png,22.462721814350047
Patrick,Patrick,frames,100,285,Patrick_splat_frames_100_285.png,21.979177747322005
Patrick,Patrick,frames,100,286,Patrick_splat_frames_100_286.png,21.92634896711438
Patrick,Patrick,frames,100,287,Patrick_splat_frames_100_287.png,22.733454775949873
Patrick,Patrick,frames,100,288,Patrick_splat_frames_100_288.png,22.516480865634154
Patrick,Patrick,frames,100,289,Patrick_splat_frames_100_289.png,22.272277154217065
Patrick,Patrick,frames,100,290,Patrick_splat_frames_100_290.png,22.122926197524883
Patrick,Patrick,frames,100,291,Patrick_splat_frames_100_291.png,22.393810905450977
Patrick,Patrick,frames,100,292,Patrick_splat_frames_100_292.png,22.35902818900772
Patrick,Patrick,frames,100,293,Patrick_splat_frames_100_293.png,22.437520613283297
Patrick,Patrick,frames,100,294,Patrick_splat_frames_100_294.png,21.95491930525754
Patrick,Patrick,frames,100,295,Patrick_splat_frames_100_295.png,22.152218039130197
Patrick,Patrick,frames,100,296,Patrick_splat_frames_100_296.png,22.33214072661811
Patrick,Patrick,frames,100,297,Patrick_splat_frames_100_297.png,22.46189313614834
Patrick,Patrick,frames,100,298,Patrick_splat_frames_100_298.png,22.81711046866039
Patrick,Patrick,frames,100,299,Patrick_splat_frames_100_299.png,22.307055995362255
Patrick,Patrick,frames,100,300,Patrick_splat_frames_100_300.png,22.123786307356575
Patrick,Patrick,frames,100,301,Patrick_splat_frames_100_301.png,22.83240809870847
Patrick,Patrick,frames,100,302,Patrick_splat_frames_100_302.png,22.676905755525475
Patrick,Patrick,frames,100,303,Patrick_splat_frames_100_303.png,22.226166147395823
Patrick,Patrick,frames,100,304,Patrick_splat_frames_100_304.png,21.819130238940254
Patrick,Patrick,frames,100,305,Patrick_splat_frames_100_305.png,22.796002955451495
Patrick,Patrick,frames,100,306,Patrick_splat_frames_100_306.png,21.953813062596584
Patrick,Patrick,frames,100,307,Patrick_splat_frames_100_307.png,22.27137291744244
Patrick,Patrick,frames,100,308,Patrick_splat_frames_100_308.png,22.7396766933661
Patrick,Patrick,frames,100,309,Patrick_splat_frames_100_309.png,21.92707853444245
Patrick,Patrick,frames,100,310,Patrick_splat_frames_100_310.png,22.748415702023056
Patrick,Patrick,frames,100,311,Patrick_splat_frames_100_311.png,22.738393765188533
Patrick,Patrick,frames,100,312,Patrick_splat_frames_100_312.png,22.23331703732447
Patrick,Patrick,frames,100,313,Patrick_splat_frames_100_313.png,22.077591052031117
Patrick,Patrick,frames,100,314,Patrick_splat_frames_100_314.png,22.676146914647113
Patrick,Patrick,frames,1000,8,Patrick_splat_frames_1000_008.png,27.05275260831717
Patrick,Patrick,frames,1000,9,Patrick_splat_frames_1000_009.png,26.37804325704668
Patrick,Patrick,frames,1000,18,Patrick_splat_frames_1000_018.png,24.477140241359304
Patrick,Patrick,frames,1000,19,Patrick_splat_frames_1000_019.png,25.446511304323643
Patrick,Patrick,frames,1000,20,Patrick_splat_frames_1000_020.png,24.15570028955123
Patrick,Patrick,frames,1000,21,Patrick_splat_frames_1000_021.png,24.207489152078875
Patrick,Patrick,frames,1000,22,Patrick_splat_frames_1000_022.png,25.56251710949086
Patrick,Patrick,frames,1000,23,Patrick_splat_frames_1000_023.png,24.937298794570673
Patrick,Patrick,frames,1000,24,Patrick_splat_frames_1000_024.png,23.995771494196887
Patrick,Patrick,frames,1000,25,Patrick_splat_frames_1000_025.png,25.588284534380673
Patrick,Patrick,frames,1000,27,Patrick_splat_frames_1000_027.png,22.6285765774775
Patrick,Patrick,frames,1000,30,Patrick_splat_frames_1000_030.png,25.769218826309007
Patrick,Patrick,frames,1000,31,Patrick_splat_frames_1000_031.png,24.960268189327493
Patrick,Patrick,frames,1000,33,Patrick_splat_frames_1000_033.png,24.7998376025086
Patrick,Patrick,frames,1000,34,Patrick_splat_frames_1000_034.png,25.039709337142536
Patrick,Patrick,frames,1000,35,Patrick_splat_frames_1000_035.png,24.955649326216204
Patrick,Patrick,frames,1000,36,Patrick_splat_frames_1000_036.png,23.563338880588635
Patrick,Patrick,frames,1000,37,Patrick_splat_frames_1000_037.png,24.733353162765894
Patrick,Patrick,frames,1000,140,Patrick_splat_frames_1000_140.png,25.13368388332388
Patrick,Patrick,frames,1000,141,Patrick_splat_frames_1000_141.png,25.36637210332287
Patrick,Patrick,frames,1000,142,Patrick_splat_frames_1000_142.png,25.418701418832494
Patrick,Patrick,frames,1000,143,Patrick_splat_frames_1000_143.png,26.48968174306051
Patrick,Patrick,frames,1000,144,Patrick_splat_frames_1000_144.png,25.15006609150916
Patrick,Patrick,frames,1000,145,Patrick_splat_frames_1000_145.png,24.582964737460507
Patrick,Patrick,frames,1000,147,Patrick_splat_frames_1000_147.png,24.88825851428559
Patrick,Patrick,frames,1000,150,Patrick_splat_frames_1000_150.png,24.597556604334233
Patrick,Patrick,frames,1000,151,Patrick_splat_frames_1000_151.png,23.21460122734718
Patrick,Patrick,frames,1000,153,Patrick_splat_frames_1000_153.png,25.727330613566238
Patrick,Patrick,frames,1000,154,Patrick_splat_frames_1000_154.png,25.07670833958646
Patrick,Patrick,frames,1000,155,Patrick_splat_frames_1000_155.png,25.04362995025721
Patrick,Patrick,frames,1000,156,Patrick_splat_frames_1000_156.png,24.30777601037942
Patrick,Patrick,frames,1000,157,Patrick_splat_frames_1000_157.png,24.25535272880454
Patrick,Patrick,frames,1000,168,Patrick_splat_frames_1000_168.png,24.882441752315835
Patrick,Patrick,frames,1000,169,Patrick_splat_frames_1000_169.png,25.632100446628044
Patrick,Patrick,frames,1000,178,Patrick_splat_frames_1000_178.png,25.92018882304625
Patrick,Patrick,frames,1000,179,Patrick_splat_frames_1000_179.png,22.27681225834226
Patrick,Patrick,frames,1000,180,Patrick_splat_frames_1000_180.png,20.267224856436172
Patrick,Patrick,frames,1000,181,Patrick_splat_frames_1000_181.png,24.7307110964695
Patrick,Patrick,frames,1000,182,Patrick_splat_frames_1000_182.png,24.450866491424446
Patrick,Patrick,frames,1000,183,Patrick_splat_frames_1000_183.png,24.41032124028964
Patrick,Patrick,frames,1000,184,Patrick_splat_frames_1000_184.png,25.37657241908225
Patrick,Patrick,frames,1000,186,Patrick_splat_frames_1000_186.png,25.884339675449063
Patrick,Patrick,frames,1000,187,Patrick_splat_frames_1000_187.png,25.12906700349675
Patrick,Patrick,frames,1000,190,Patrick_splat_frames_1000_190.png,24.014276533995638
Patrick,Patrick,frames,1000,192,Patrick_splat_frames_1000_192.png,24.041540396473714
Patrick,Patrick,frames,1000,193,Patrick_splat_frames_1000_193.png,23.916435085460837
Patrick,Patrick,frames,1000,194,Patrick_splat_frames_1000_194.png,24.41633178497892
Patrick,Patrick,frames,1000,195,Patrick_splat_frames_1000_195.png,24.085116814647243
Patrick,Patrick,frames,1000,196,Patrick_splat_frames_1000_196.png,23.86945813341963
Patrick,Patrick,frames,1000,197,Patrick_splat_frames_1000_197.png,24.633758045573416
Patrick,Patrick,frames,1000,208,Patrick_splat_frames_1000_208.png,23.264000450361504
Patrick,Patrick,frames,1000,209,Patrick_splat_frames_1000_209.png,24.776953832936634
Patrick,Patrick,frames,1000,219,Patrick_splat_frames_1000_219.png,23.623639511569845
Patrick,Patrick,frames,1000,220,Patrick_splat_frames_1000_220.png,23.94474680322744
Patrick,Patrick,frames,1000,221,Patrick_splat_frames_1000_221.png,23.830554299391938
Patrick,Patrick,frames,1000,222,Patrick_splat_frames_1000_222.png,25.008889845852327
Patrick,Patrick,frames,1000,223,Patrick_splat_frames_1000_223.png,24.016215546062092
Patrick,Patrick,frames,1000,225,Patrick_splat_frames_1000_225.png,23.859479642058474
Patrick,Patrick,frames,1000,226,Patrick_splat_frames_1000_226.png,24.23587260744557
Patrick,Patrick,frames,1000,227,Patrick_splat_frames_1000_227.png,24.69540232576456
Patrick,Patrick,frames,1000,231,Patrick_splat_frames_1000_231.png,25.054531704116506
Patrick,Patrick,frames,1000,232,Patrick_splat_frames_1000_232.png,23.23747066919193
Patrick,Patrick,frames,1000,233,Patrick_splat_frames_1000_233.png,24.506251202876257
Patrick,Patrick,frames,1000,234,Patrick_splat_frames_1000_234.png,24.00650155678886
Patrick,Patrick,frames,1000,235,Patrick_splat_frames_1000_235.png,23.787072950021795
Patrick,Patrick,frames,1000,236,Patrick_splat_frames_1000_236.png,24.38264117908972
Patrick,Patrick,frames,1000,237,Patrick_splat_frames_1000_237.png,24.58805039027922
Patrick,Patrick,residuals,10,0,Patrick_splat_residuals_10_000.png,10.015993117519892
Patrick,Patrick,residuals,10,1,Patrick_splat_residuals_10_001.png,10.016980205791297
Patrick,Patrick,residuals,10,2,Patrick_splat_residuals_10_002.png,10.006731431147514
Patrick,Patrick,residuals,10,3,Patrick_splat_residuals_10_003.png,9.882339358710926
Patrick,Patrick,residuals,10,4,Patrick_splat_residuals_10_004.png,9.528933336352413
Patrick,Patrick,residuals,10,5,Patrick_splat_residuals_10_005.png,9.545794509216876
Patrick,Patrick,residuals,10,6,Patrick_splat_residuals_10_006.png,9.474024495155511
Patrick,Patrick,residuals,10,7,Patrick_splat_residuals_10_007.png,9.510892813578035
Patrick,Patrick,residuals,10,8,Patrick_splat_residuals_10_008.png,9.415069229675305
Patrick,Patrick,residuals,10,9,Patrick_splat_residuals_10_009.png,9.498084831576103
Patrick,Patrick,residuals,10,10,Patrick_splat_residuals_10_010.png,9.535288431386268
Patrick,Patrick,residuals,10,11,Patrick_splat_residuals_10_011.png,9.643396214612462
Patrick,Patrick,residuals,10,12,Patrick_splat_residuals_10_012.png,9.41255910652728
Patrick,Patrick,residuals,10,13,Patrick_splat_residuals_10_013.png,9.418825196968195
Patrick,Patrick,residuals,10,14,Patrick_splat_residuals_10_014.png,9.419907508562162
Patrick,Patrick,residuals,10,15,Patrick_splat_residuals_10_015.png,9.352101336781626
Patrick,Patrick,residuals,10,16,Patrick_splat_residuals_10_016.png,9.394440375946436
Patrick,Patrick,residuals,10,17,Patrick_splat_residuals_10_017.png,9.423140222296878
Patrick,Patrick,residuals,10,18,Patrick_splat_residuals_10_018.png,9.540947540601788
Patrick,Patrick,residuals,10,19,Patrick_splat_residuals_10_019.png,9.4598702987313
Patrick,Patrick,residuals,10,20,Patrick_splat_residuals_10_020.png,9.478907454143888
Patrick,Patrick,residuals,10,21,Patrick_splat_residuals_10_021.png,9.50615412288207
Patrick,Patrick,residuals,10,22,Patrick_splat_residuals_10_022.png,9.496152596914087
Patrick,Patrick,residuals,10,23,Patrick_splat_residuals_10_023.png,9.391709498979145
Patrick,Patrick,residuals,10,24,Patrick_splat_residuals_10_024.png,9.506437810997324
Patrick,Patrick,residuals,10,25,Patrick_splat_residuals_10_025.png,9.593404568595279
Patrick,Patrick,residuals,10,26,Patrick_splat_residuals_10_026.png,9.57269147151415
Patrick,Patrick,residuals,10,27,Patrick_splat_residuals_10_027.png,9.703279990218691
Patrick,Patrick,residuals,10,28,Patrick_splat_residuals_10_028.png,9.759897985577876
Patrick,Patrick,residuals,10,29,Patrick_splat_residuals_10_029.png,9.511903752879123
Patrick,Patrick,residuals,10,30,Patrick_splat_residuals_10_030.png,9.696898897830915
Patrick,Patrick,residuals,10,31,Patrick_splat_residuals_10_031.png,9.572033292553797
Patrick,Patrick,residuals,10,32,Patrick_splat_residuals_10_032.png,9.511187900868704
Patrick,Patrick,residuals,10,33,Patrick_splat_residuals_10_033.png,9.47480166913521
Patrick,Patrick,residuals,10,34,Patrick_splat_residuals_10_034.png,9.525144502893923
Patrick,Patrick,residuals,10,35,Patrick_splat_residuals_10_035.png,9.5866439614137
Patrick,Patrick,residuals,10,36,Patrick_splat_residuals_10_036.png,9.513746052240148
Patrick,Patrick,residuals,10,37,Patrick_splat_residuals_10_037.png,9.538279418597655
Patrick,Patrick,residuals,10,38,Patrick_splat_residuals_10_038.png,9.492267066671698
Patrick,Patrick,residuals,10,39,Patrick_splat_residuals_10_039.png,9.411881918980004
Patrick,Patrick,residuals,10,40,Patrick_splat_residuals_10_040.png,9.468563091543052
Patrick,Patrick,residuals,10,41,Patrick_splat_residuals_10_041.png,9.48715629775286
Patrick,Patrick,residuals,10,42,Patrick_splat_residuals_10_042.png,9.533083364783973
Patrick,Patrick,residuals,10,43,Patrick_splat_residuals_10_043.png,9.450471218522557
Patrick,Patrick,residuals,10,44,Patrick_splat_residuals_10_044.png,9.468641599559083
Patrick,Patrick,residuals,10,45,Patrick_splat_residuals_10_045.png,9.42233947224736
Patrick,Patrick,residuals,10,46,Patrick_splat_residuals_10_046.png,9.62779283441533
Patrick,Patrick,residuals,10,47,Patrick_splat_residuals_10_047.png,9.44431163074125
Patrick,Patrick,residuals,10,48,Patrick_splat_residuals_10_048.png,9.56097428889327
Patrick,Patrick,residuals,10,49,Patrick_splat_residuals_10_049.png,9.432142513308158
Patrick,Patrick,residuals,10,50,Patrick_splat_residuals_10_050.png,9.422012105905742
Patrick,Patrick,residuals,10,51,Patrick_splat_residuals_10_051.png,9.472529318670196
Patrick,Patrick,residuals,10,52,Patrick_splat_residuals_10_052.png,9.493489244558774
Patrick,Patrick,residuals,10,53,Patrick_splat_residuals_10_053.png,9.578601587249443
Patrick,Patrick,residuals,10,54,Patrick_splat_residuals_10_054.png,9.501420859530004
Patrick,Patrick,residuals,10,55,Patrick_splat_residuals_10_055.png,9.47537567960287
Patrick,Patrick,residuals,10,56,Patrick_splat_residuals_10_056.png,9.460431066313157
Patrick,Patrick,residuals,10,57,Patrick_splat_residuals_10_057.png,9.488003943860434
Patrick,Patrick,residuals,10,58,Patrick_splat_residuals_10_058.png,9.566919061856735
Patrick,Patrick,residuals,10,59,Patrick_splat_residuals_10_059.png,9.512663496446626
Patrick,Patrick,residuals,10,60,Patrick_splat_residuals_10_060.png,9.552713594295332
Patrick,Patrick,residuals,10,61,Patrick_splat_residuals_10_061.png,9.633585824689478
Patrick,Patrick,residuals,10,62,Patrick_splat_residuals_10_062.png,9.477298871079734
Patrick,Patrick,residuals,10,63,Patrick_splat_residuals_10_063.png,9.49097428686126
Patrick,Patrick,residuals,10,64,Patrick_splat_residuals_10_064.png,9.447949758221366
Patrick,Patrick,residuals,10,65,Patrick_splat_residuals_10_065.png,9.604070882243416
Patrick,Patrick,residuals,10,66,Patrick_splat_residuals_10_066.png,9.569045062226039
Patrick,Patrick,residuals,10,67,Patrick_splat_residuals_10_067.png,9.708699724371339
Patrick,Patrick,residuals,10,68,Patrick_splat_residuals_10_068.png,9.553426556947901
Patrick,Patrick,residuals,10,69,Patrick_splat_residuals_10_069.png,9.555160277304955
Patrick,Patrick,residuals,10,70,Patrick_splat_residuals_10_070.png,9.54263076521425
Patrick,Patrick,residuals,10,71,Patrick_splat_residuals_10_071.png,9.566661410331795
Patrick,Patrick,residuals,10,72,Patrick_splat_residuals_10_072.png,9.547675561443999
Patrick,Patrick,residuals,10,73,Patrick_splat_residuals_10_073.png,9.523323853187765
Patrick,Patrick,residuals,10,74,Patrick_splat_residuals_10_074.png,9.613261869430435
Patrick,Patrick,residuals,10,75,Patrick_splat_residuals_10_075.png,9.528924867352536
Patrick,Patrick,residuals,10,76,Patrick_splat_residuals_10_076.png,9.531755932653592
Patrick,Patrick,residuals,10,77,Patrick_splat_residuals_10_077.png,9.532003075061416
Patrick,Patrick,residuals,10,78,Patrick_splat_residuals_10_078.png,9.70046084596612
Patrick,Patrick,residuals,10,79,Patrick_splat_residuals_10_079.png,9.68862904280435
Patrick,Patrick,residuals,10,80,Patrick_splat_residuals_10_080.png,9.584906187791036
Patrick,Patrick,residuals,10,81,Patrick_splat_residuals_10_081.png,9.588973679482773
Patrick,Patrick,residuals,10,82,Patrick_splat_residuals_10_082.png,9.636921199108867
Patrick,Patrick,residuals,10,83,Patrick_splat_residuals_10_083.png,9.64977675660119
Patrick,Patrick,residuals,10,84,Patrick_splat_residuals_10_084.png,9.59424130804081
Patrick,Patrick,residuals,10,85,Patrick_splat_residuals_10_085.png,9.593046229781915
Patrick,Patrick,residuals,10,86,Patrick_splat_residuals_10_086.png,9.529891525007708
Patrick,Patrick,residuals,10,87,Patrick_splat_residuals_10_087.png,9.671448578232662
Patrick,Patrick,residuals,10,88,Patrick_splat_residuals_10_088.png,9.66161258881015
Patrick,Patrick,residuals,10,89,Patrick_splat_residuals_10_089.png,9.590211746258792
Patrick,Patrick,residuals,10,90,Patrick_splat_residuals_10_090.png,9.645395173615231
Patrick,Patrick,residuals,10,91,Patrick_splat_residuals_10_091.png,9.65859103578406
Patrick,Patrick,residuals,10,92,Patrick_splat_residuals_10_092.png,9.647195944947157
Patrick,Patrick,residuals,10,93,Patrick_splat_residuals_10_093.png,9.662434207849174
Patrick,Patrick,residuals,10,94,Patrick_splat_residuals_10_094.png,9.654980486155754
Patrick,Patrick,residuals,10,95,Patrick_splat_residuals_10_095.png,9.772512029616397
Patrick,Patrick,residuals,10,96,Patrick_splat_residuals_10_096.png,9.685723668714845
Patrick,Patrick,residuals,10,97,Patrick_splat_residuals_10_097.png,9.713237474948444
Patrick,Patrick,residuals,10,98,Patrick_splat_residuals_10_098.png,9.665974364554318
Patrick,Patrick,residuals,10,99,Patrick_splat_residuals_10_099.png,9.706817639083498
Patrick,Patrick,residuals,10,100,Patrick_splat_residuals_10_100.png,9.669677904692776
Patrick,Patrick,residuals,10,101,Patrick_splat_residuals_10_101.png,9.718166164278836
Patrick,Patrick,residuals,10,102,Patrick_splat_residuals_10_102.png,9.730842444871135
Patrick,Patrick,residuals,10,103,Patrick_splat_residuals_10_103.png,9.862771826323696
Patrick,Patrick,residuals,10,104,Patrick_splat_residuals_10_104.png,9.88130022925725
Patrick,Patrick,residuals,10,105,Patrick_splat_residuals_10_105.png,9.736258036535128
Patrick,Patrick,residuals,10,106,Patrick_splat_residuals_10_106.png,9.838036999996099
Patrick,Patrick,residuals,10,107,Patrick_splat_residuals_10_107.png,9.76589833615568
Patrick,Patrick,residuals,10,108,Patrick_splat_residuals_10_108.png,9.826202849957486
Patrick,Patrick,residuals,10,109,Patrick_splat_residuals_10_109.png,9.780839269082733
Patrick,Patrick,residuals,10,110,Patrick_splat_residuals_10_110.png,9.829287484186402
Patrick,Patrick,residuals,10,111,Patrick_splat_residuals_10_111.png,9.849818254858466
Patrick,Patrick,residuals,10,112,Patrick_splat_residuals_10_112.png,9.777376140697434
Patrick,Patrick,residuals,10,113,Patrick_splat_residuals_10_113.png,9.781179147819948
Patrick,Patrick,residuals,10,114,Patrick_splat_residuals_10_114.png,9.776288076173415
Patrick,Patrick,residuals,10,115,Patrick_splat_residuals_10_115.png,9.773741372770422
Patrick,Patrick,residuals,10,116,Patrick_splat_residuals_10_116.png,9.828835930204503
Patrick,Patrick,residuals,10,117,Patrick_splat_residuals_10_117.png,9.763901626365799
Patrick,Patrick,residuals,10,118,Patrick_splat_residuals_10_118.png,9.889699352429854
Patrick,Patrick,residuals,10,119,Patrick_splat_residuals_10_119.png,9.89057453263784
Patrick,Patrick,residuals,10,120,Patrick_splat_residuals_10_120.png,10.239923888808791
Patrick,Patrick,residuals,10,121,Patrick_splat_residuals_10_121.png,9.720315362938003
Patrick,Patrick,residuals,10,122,Patrick_splat_residuals_10_122.png,9.77974066669769
Patrick,Patrick,residuals,10,123,Patrick_splat_residuals_10_123.png,9.798604183451992
Patrick,Patrick,residuals,10,124,Patrick_splat_residuals_10_124.png,9.8038622031002
Patrick,Patrick,residuals,10,125,Patrick_splat_residuals_10_125.png,9.918291409033706
Patrick,Patrick,residuals,10,126,Patrick_splat_residuals_10_126.png,10.281171220123177
Patrick,Patrick,residuals,10,127,Patrick_splat_residuals_10_127.png,9.95131328670295
Patrick,Patrick,residuals,10,128,Patrick_splat_residuals_10_128.png,9.876199448628558
Patrick,Patrick,residuals,10,129,Patrick_splat_residuals_10_129.png,9.828788990374916
Patrick,Patrick,residuals,10,130,Patrick_splat_residuals_10_130.png,9.840971846602223
Patrick,Patrick,residuals,10,131,Patrick_splat_residuals_10_131.png,9.916717497140697
Patrick,Patrick,residuals,10,132,Patrick_splat_residuals_10_132.png,9.876206038600666
Patrick,Patrick,residuals,10,133,Patrick_splat_residuals_10_133.png,9.816658207930027
Patrick,Patrick,residuals,10,134,Patrick_splat_residuals_10_134.png,9.779759076714514
Patrick,Patrick,residuals,10,135,Patrick_splat_residuals_10_135.png,9.953758808836874
Patrick,Patrick,residuals,10,136,Patrick_splat_residuals_10_136.png,9.86436526767885
Patrick,Patrick,residuals,10,137,Patrick_splat_residuals_10_137.png,9.975409578520555
Patrick,Patrick,residuals,10,138,Patrick_splat_residuals_10_138.png,9.849266177402242
Patrick,Patrick,residuals,10,139,Patrick_splat_residuals_10_139.png,9.808237360020923
Patrick,Patrick,residuals,10,140,Patrick_splat_residuals_10_140.png,9.748491114865413
Patrick,Patrick,residuals,10,141,Patrick_splat_residuals_10_141.png,9.9401103549082
Patrick,Patrick,residuals,10,142,Patrick_splat_residuals_10_142.png,9.861788710279274
Patrick,Patrick,residuals,10,143,Patrick_splat_residuals_10_143.png,9.904334083271909
Patrick,Patrick,residuals,10,144,Patrick_splat_residuals_10_144.png,9.85674087083238
Patrick,Patrick,residuals,10,145,Patrick_splat_residuals_10_145.png,9.901953787509818
Patrick,Patrick,residuals,10,146,Patrick_splat_residuals_10_146.png,9.974087796056333
Patrick,Patrick,residuals,10,147,Patrick_splat_residuals_10_147.png,9.818267077655875
Patrick,Patrick,residuals,10,148,Patrick_splat_residuals_10_148.png,10.014711537431875
Patrick,Patrick,residuals,10,149,Patrick_splat_residuals_10_149.png,9.947920468067922
Patrick,Patrick,residuals,10,150,Patrick_splat_residuals_10_150.png,9.8778806337994
Patrick,Patrick,residuals,10,151,Patrick_splat_residuals_10_151.png,9.993819487886372
Patrick,Patrick,residuals,10,152,Patrick_splat_residuals_10_152.png,9.952440977580752
Patrick,Patrick,residuals,10,153,Patrick_splat_residuals_10_153.png,10.061002737186142
Patrick,Patrick,residuals,10,154,Patrick_splat_residuals_10_154.png,10.099643758931084
Patrick,Patrick,residuals,10,155,Patrick_splat_residuals_10_155.png,9.996333886368726
Patrick,Patrick,residuals,10,156,Patrick_splat_residuals_10_156.png,9.99508627082212
Patrick,Patrick,residuals,10,157,Patrick_splat_residuals_10_157.png,9.897743994190343
Patrick,Patrick,residuals,10,158,Patrick_splat_residuals_10_158.png,9.953750939439054
Patrick,Patrick,residuals,10,159,Patrick_splat_residuals_10_159.png,9.857317453628793
Patrick,Patrick,residuals,10,160,Patrick_splat_residuals_10_160.png,9.894368699762826
Patrick,Patrick,residuals,10,161,Patrick_splat_residuals_10_161.png,9.918891346118832
Patrick,Patrick,residuals,10,162,Patrick_splat_residuals_10_162.png,9.99089541523971
Patrick,Patrick,residuals,10,163,Patrick_splat_residuals_10_163.png,9.991408804885682
Patrick,Patrick,residuals,10,164,Patrick_splat_residuals_10_164.png,9.884081188836198
Patrick,Patrick,residuals,10,165,Patrick_splat_residuals_10_165.png,10.03013451633893
Patrick,Patrick,residuals,10,166,Patrick_splat_residuals_10_166.png,9.872835879948989
Patrick,Patrick,residuals,10,167,Patrick_splat_residuals_10_167.png,9.88743633501019
Patrick,Patrick,residuals,10,168,Patrick_splat_residuals_10_168.png,9.968071877180765
Patrick,Patrick,residuals,10,169,Patrick_splat_residuals_10_169.png,9.965728700226418
Patrick,Patrick,residuals,10,170,Patrick_splat_residuals_10_170.png,9.9081299940317
Patrick,Patrick,residuals,10,171,Patrick_splat_residuals_10_171.png,9.891252484394911
Patrick,Patrick,residuals,10,172,Patrick_splat_residuals_10_172.png,9.85862265826254
Patrick,Patrick,residuals,10,173,Patrick_splat_residuals_10_173.png,10.036803578073346
Patrick,Patrick,residuals,10,174,Patrick_splat_residuals_10_174.png,9.93264027140241
Patrick,Patrick,residuals,10,175,Patrick_splat_residuals_10_175.png,9.915927931786799
Patrick,Patrick,residuals,10,176,Patrick_splat_residuals_10_176.png,9.988474803319125
Patrick,Patrick,residuals,10,177,Patrick_splat_residuals_10_177.png,9.871342063080753
Patrick,Patrick,residuals,10,178,Patrick_splat_residuals_10_178.png,9.858000394665464
Patrick,Patrick,residuals,10,179,Patrick_splat_residuals_10_179.png,9.903600891000066
Patrick,Patrick,residuals,10,180,Patrick_splat_residuals_10_180.png,9.991994605263548
Patrick,Patrick,residuals,10,181,Patrick_splat_residuals_10_181.png,9.906962866461905
Patrick,Patrick,residuals,10,182,Patrick_splat_residuals_10_182.png,9.962413666850786
Patrick,Patrick,residuals,10,183,Patrick_splat_residuals_10_183.png,9.674522162944841
Patrick,Patrick,residuals,10,184,Patrick_splat_residuals_10_184.png,9.743392691532948
Patrick,Patrick,residuals,10,185,Patrick_splat_residuals_10_185.png,9.795761186600885
Patrick,Patrick,residuals,10,186,Patrick_splat_residuals_10_186.png,9.988329358881288
Patrick,Patrick,residuals,10,187,Patrick_splat_residuals_10_187.png,9.802264537081044
Patrick,Patrick,residuals,10,188,Patrick_splat_residuals_10_188.png,9.776127502725693
Patrick,Patrick,residuals,10,189,Patrick_splat_residuals_10_189.png,9.865516997099974
Patrick,Patrick,residuals,10,190,Patrick_splat_residuals_10_190.png,9.887857612720689
Patrick,Patrick,residuals,10,191,Patrick_splat_residuals_10_191.png,9.748810038082485
Patrick,Patrick,residuals,10,192,Patrick_splat_residuals_10_192.png,9.896155756095986
Patrick,Patrick,residuals,10,193,Patrick_splat_residuals_10_193.png,9.781633151956399
Patrick,Patrick,residuals,10,194,Patrick_splat_residuals_10_194.png,9.833066525244202
Patrick,Patrick,residuals,10,195,Patrick_splat_residuals_10_195.png,9.802193483715445
Patrick,Patrick,residuals,10,196,Patrick_splat_residuals_10_196.png,9.886955773366147
Patrick,Patrick,residuals,10,197,Patrick_splat_residuals_10_197.png,9.692650486354461
Patrick,Patrick,residuals,10,198,Patrick_splat_residuals_10_198.png,9.87543353484305
Patrick,Patrick,residuals,10,199,Patrick_splat_residuals_10_199.png,9.981733006099297
Patrick,Patrick,residuals,10,200,Patrick_splat_residuals_10_200.png,9.797827153555431
Patrick,Patrick,residuals,10,201,Patrick_splat_residuals_10_201.png,9.729615437222204
Patrick,Patrick,residuals,10,202,Patrick_splat_residuals_10_202.png,9.825868145310467
Patrick,Patrick,residuals,10,203,Patrick_splat_residuals_10_203.png,9.83339301930626
Patrick,Patrick,residuals,10,204,Patrick_splat_residuals_10_204.png,9.740057265554965
Patrick,Patrick,residuals,10,205,Patrick_splat_residuals_10_205.png,9.845287768774464
Patrick,Patrick,residuals,10,206,Patrick_splat_residuals_10_206.png,9.737317399821565
Patrick,Patrick,residuals,10,207,Patrick_splat_residuals_10_207.png,9.749231697134336
Patrick,Patrick,residuals,10,208,Patrick_splat_residuals_10_208.png,9.768304721817255
Patrick,Patrick,residuals,10,209,Patrick_splat_residuals_10_209.png,9.828282460029742
Patrick,Patrick,residuals,10,210,Patrick_splat_residuals_10_210.png,9.789033777729554
Patrick,Patrick,residuals,10,211,Patrick_splat_residuals_10_211.png,9.754740229143836
Patrick,Patrick,residuals,10,212,Patrick_splat_residuals_10_212.png,9.76667016749811
Patrick,Patrick,residuals,10,213,Patrick_splat_residuals_10_213.png,9.702138864582937
Patrick,Patrick,residuals,10,214,Patrick_splat_residuals_10_214.png,9.743602467485967
Patrick,Patrick,residuals,10,215,Patrick_splat_residuals_10_215.png,9.74665921025371
Patrick,Patrick,residuals,10,216,Patrick_splat_residuals_10_216.png,9.749378281894721
Patrick,Patrick,residuals,10,217,Patrick_splat_residuals_10_217.png,9.889157432560147
Patrick,Patrick,residuals,10,218,Patrick_splat_residuals_10_218.png,9.756474921190424
Patrick,Patrick,residuals,10,219,Patrick_splat_residuals_10_219.png,9.768987554287904
Patrick,Patrick,residuals,10,220,Patrick_splat_residuals_10_220.png,9.78546937814597
Patrick,Patrick,residuals,10,221,Patrick_splat_residuals_10_221.png,9.890593374366627
Patrick,Patrick,residuals,10,222,Patrick_splat_residuals_10_222.png,9.889225286956227
Patrick,Patrick,residuals,10,223,Patrick_splat_residuals_10_223.png,9.721411004256819
Patrick,Patrick,residuals,10,224,Patrick_splat_residuals_10_224.png,9.821615809869611
Patrick,Patrick,residuals,10,225,Patrick_splat_residuals_10_225.png,9.72550490321185
Patrick,Patrick,residuals,10,226,Patrick_splat_residuals_10_226.png,9.750319571760265
Patrick,Patrick,residuals,10,227,Patrick_splat_residuals_10_227.png,9.798627996675442
Patrick,Patrick,residuals,10,228,Patrick_splat_residuals_10_228.png,9.732103849742149
Patrick,Patrick,residuals,10,229,Patrick_splat_residuals_10_229.png,9.707556166178378
Patrick,Patrick,residuals,10,230,Patrick_splat_residuals_10_230.png,9.72877473027048
Patrick,Patrick,residuals,10,231,Patrick_splat_residuals_10_231.png,9.718380888987973
Patrick,Patrick,residuals,10,232,Patrick_splat_residuals_10_232.png,9.709401694895059
Patrick,Patrick,residuals,10,233,Patrick_splat_residuals_10_233.png,9.856519550303311
Patrick,Patrick,residuals,10,234,Patrick_splat_residuals_10_234.png,9.84719750001679
Patrick,Patrick,residuals,10,235,Patrick_splat_residuals_10_235.png,9.721186041238726
Patrick,Patrick,residuals,10,236,Patrick_splat_residuals_10_236.png,9.674878609521018
Patrick,Patrick,residuals,10,237,Patrick_splat_residuals_10_237.png,9.794691265885213
Patrick,Patrick,residuals,10,238,Patrick_splat_residuals_10_238.png,9.738022971125657
Patrick,Patrick,residuals,10,239,Patrick_splat_residuals_10_239.png,9.804452301456138
Patrick,Patrick,residuals,10,240,Patrick_splat_residuals_10_240.png,9.735207522764197
Patrick,Patrick,residuals,10,241,Patrick_splat_residuals_10_241.png,9.75035446265741
Patrick,Patrick,residuals,10,242,Patrick_splat_residuals_10_242.png,9.744474445104732
Patrick,Patrick,residuals,10,243,Patrick_splat_residuals_10_243.png,10.029617946924754
Patrick,Patrick,residuals,10,244,Patrick_splat_residuals_10_244.png,9.918727862160866
Patrick,Patrick,residuals,10,245,Patrick_splat_residuals_10_245.png,9.88399528511384
Patrick,Patrick,residuals,10,246,Patrick_splat_residuals_10_246.png,9.79505651232956
Patrick,Patrick,residuals,10,247,Patrick_splat_residuals_10_247.png,9.725988347095845
Patrick,Patrick,residuals,10,248,Patrick_splat_residuals_10_248.png,9.91343977027552
Patrick,Patrick,residuals,10,249,Patrick_splat_residuals_10_249.png,9.749923420015175
Patrick,Patrick,residuals,10,250,Patrick_splat_residuals_10_250.png,9.718021703108551
Patrick,Patrick,residuals,10,251,Patrick_splat_residuals_10_251.png,9.693981153713477
Patrick,Patrick,residuals,10,252,Patrick_splat_residuals_10_252.png,9.740041181787918
Patrick,Patrick,residuals,10,253,Patrick_splat_residuals_10_253.png,9.833951596608353
Patrick,Patrick,residuals,10,254,Patrick_splat_residuals_10_254.png,10.015397271283513
Patrick,Patrick,residuals,10,255,Patrick_splat_residuals_10_255.png,9.81624919430593
Patrick,Patrick,residuals,10,256,Patrick_splat_residuals_10_256.png,9.706374267297246
Patrick,Patrick,residuals,10,257,Patrick_splat_residuals_10_257.png,9.73210784417316
Patrick,Patrick,residuals,10,258,Patrick_splat_residuals_10_258.png,9.73345564632957
Patrick,Patrick,residuals,10,259,Patrick_splat_residuals_10_259.png,9.778073828788523
Patrick,Patrick,residuals,10,260,Patrick_splat_residuals_10_260.png,9.776742524410228
Patrick,Patrick,residuals,10,261,Patrick_splat_residuals_10_261.png,9.706393969114774
Patrick,Patrick,residuals,10,262,Patrick_splat_residuals_10_262.png,9.737840068021535
Patrick,Patrick,residuals,10,263,Patrick_splat_residuals_10_263.png,9.679295410101687
Patrick,Patrick,residuals,10,264,Patrick_splat_residuals_10_264.png,9.708929937731503
Patrick,Patrick,residuals,10,265,Patrick_splat_residuals_10_265.png,9.712170001082175
Patrick,Patrick,residuals,10,266,Patrick_splat_residuals_10_266.png,9.671549389993826
Patrick,Patrick,residuals,10,267,Patrick_splat_residuals_10_267.png,9.714993793898875
Patrick,Patrick,residuals,10,268,Patrick_splat_residuals_10_268.png,9.74672725004827
Patrick,Patrick,residuals,10,269,Patrick_splat_residuals_10_269.png,9.839879049110206
Patrick,Patrick,residuals,10,270,Patrick_splat_residuals_10_270.png,9.69423986830037
Patrick,Patrick,residuals,10,271,Patrick_splat_residuals_10_271.png,9.731269669054559
Patrick,Patrick,residuals,10,272,Patrick_splat_residuals_10_272.png,9.767527057260029
Patrick,Patrick,residuals,10,273,Patrick_splat_residuals_10_273.png,9.735911178597357
Patrick,Patrick,residuals,10,274,Patrick_splat_residuals_10_274.png,9.763234047215391
Patrick,Patrick,residuals,10,275,Patrick_splat_residuals_10_275.png,9.735432424864781
Patrick,Patrick,residuals,10,276,Patrick_splat_residuals_10_276.png,9.683237482565833
Patrick,Patrick,residuals,10,277,Patrick_splat_residuals_10_277.png,9.818831410940025
Patrick,Patrick,residuals,10,278,Patrick_splat_residuals_10_278.png,9.711133022889848
Patrick,Patrick,residuals,10,279,Patrick_splat_residuals_10_279.png,9.657955934517178
Patrick,Patrick,residuals,10,280,Patrick_splat_residuals_10_280.png,9.724305319565582
Patrick,Patrick,residuals,10,281,Patrick_splat_residuals_10_281.png,9.856241284327222
Patrick,Patrick,residuals,10,282,Patrick_splat_residuals_10_282.png,9.79721473261752
Patrick,Patrick,residuals,10,283,Patrick_splat_residuals_10_283.png,9.7679480343142
Patrick,Patrick,residuals,10,284,Patrick_splat_residuals_10_284.png,9.895161950839682
Patrick,Patrick,residuals,10,285,Patrick_splat_residuals_10_285.png,9.694302752030664
Patrick,Patrick,residuals,10,286,Patrick_splat_residuals_10_286.png,9.83075825153912
Patrick,Patrick,residuals,10,287,Patrick_splat_residuals_10_287.png,9.6905551489395
Patrick,Patrick,residuals,10,288,Patrick_splat_residuals_10_288.png,9.8344849792846
Patrick,Patrick,residuals,10,289,Patrick_splat_residuals_10_289.png,9.621066773537866
Patrick,Patrick,residuals,10,290,Patrick_splat_residuals_10_290.png,9.742226380788587
Patrick,Patrick,residuals,10,291,Patrick_splat_residuals_10_291.png,9.688138462944414
Patrick,Patrick,residuals,10,292,Patrick_splat_residuals_10_292.png,10.132025524352384
Patrick,Patrick,residuals,10,293,Patrick_splat_residuals_10_293.png,9.812302520931915
Patrick,Patrick,residuals,10,294,Patrick_splat_residuals_10_294.png,9.691977086354596
Patrick,Patrick,residuals,10,295,Patrick_splat_residuals_10_295.png,9.778657665595665
Patrick,Patrick,residuals,10,296,Patrick_splat_residuals_10_296.png,9.76919945498858
Patrick,Patrick,residuals,10,297,Patrick_splat_residuals_10_297.png,9.795372893399314
Patrick,Patrick,residuals,10,298,Patrick_splat_residuals_10_298.png,9.903504460304802
Patrick,Patrick,residuals,10,299,Patrick_splat_residuals_10_299.png,9.710044534231235
Patrick,Patrick,residuals,10,300,Patrick_splat_residuals_10_300.png,9.779999344061368
Patrick,Patrick,residuals,10,301,Patrick_splat_residuals_10_301.png,9.687401481060785
Patrick,Patrick,residuals,10,302,Patrick_splat_residuals_10_302.png,9.743693102269134
Patrick,Patrick,residuals,10,303,Patrick_splat_residuals_10_303.png,9.70454914655823
Patrick,Patrick,residuals,10,304,Patrick_splat_residuals_10_304.png,9.661413217406894
Patrick,Patrick,residuals,10,305,Patrick_splat_residuals_10_305.png,9.846177739015827
Patrick,Patrick,residuals,10,306,Patrick_splat_residuals_10_306.png,9.853112428355589
Patrick,Patrick,residuals,10,307,Patrick_splat_residuals_10_307.png,9.782990158183297
Patrick,Patrick,residuals,10,308,Patrick_splat_residuals_10_308.png,9.664770970953239
Patrick,Patrick,residuals,10,309,Patrick_splat_residuals_10_309.png,9.726712465484916
Patrick,Patrick,residuals,10,310,Patrick_splat_residuals_10_310.png,9.782622293201728
Patrick,Patrick,residuals,10,311,Patrick_splat_residuals_10_311.png,9.815478251917293
Patrick,Patrick,residuals,10,312,Patrick_splat_residuals_10_312.png,9.744676679829226
Patrick,Patrick,residuals,10,313,Patrick_splat_residuals_10_313.png,9.712374700660762
Patrick,Patrick,residuals,100,0,Patrick_splat_residuals_100_000.png,10.015228254869024
Patrick,Patrick,residuals,100,1,Patrick_splat_residuals_100_001.png,10.014973070000545
Patrick,Patrick,residuals,100,2,Patrick_splat_residuals_100_002.png,10.013614584795894
Patrick,Patrick,residuals,100,3,Patrick_splat_residuals_100_003.png,9.301462552922594
Patrick,Patrick,residuals,100,4,Patrick_splat_residuals_100_004.png,9.469895511483303
Patrick,Patrick,residuals,100,5,Patrick_splat_residuals_100_005.png,9.461474070658989
Patrick,Patrick,residuals,100,6,Patrick_splat_residuals_100_006.png,9.463433257860617
Patrick,Patrick,residuals,100,7,Patrick_splat_residuals_100_007.png,9.459621795843502
Patrick,Patrick,residuals,100,8,Patrick_splat_residuals_100_008.png,9.4648967584712
Patrick,Patrick,residuals,100,9,Patrick_splat_residuals_100_009.png,9.462099169158826
Patrick,Patrick,residuals,100,10,Patrick_splat_residuals_100_010.png,9.459117922414203
Patrick,Patrick,residuals,100,11,Patrick_splat_residuals_100_011.png,9.46011903583588
Patrick,Patrick,residuals,100,12,Patrick_splat_residuals_100_012.png,9.466366941222436
Patrick,Patrick,residuals,100,13,Patrick_splat_residuals_100_013.png,9.378400436815994
Patrick,Patrick,residuals,100,14,Patrick_splat_residuals_100_014.png,9.472130906050237
Patrick,Patrick,residuals,100,15,Patrick_splat_residuals_100_015.png,9.304764161746672
Patrick,Patrick,residuals,100,16,Patrick_splat_residuals_100_016.png,9.4569505679888
Patrick,Patrick,residuals,100,17,Patrick_splat_residuals_100_017.png,9.467366269525064
Patrick,Patrick,residuals,100,18,Patrick_splat_residuals_100_018.png,9.427519565568312
Patrick,Patrick,residuals,100,19,Patrick_splat_residuals_100_019.png,9.51823472105122
Patrick,Patrick,residuals,100,20,Patrick_splat_residuals_100_020.png,9.455609410422275
Patrick,Patrick,residuals,100,21,Patrick_splat_residuals_100_021.png,9.482308486157882
Patrick,Patrick,residuals,100,22,Patrick_splat_residuals_100_022.png,9.462810961132753
Patrick,Patrick,residuals,100,23,Patrick_splat_residuals_100_023.png,9.33124264355673
Patrick,Patrick,residuals,100,24,Patrick_splat_residuals_100_024.png,9.530388359785613
Patrick,Patrick,residuals,100,25,Patrick_splat_residuals_100_025.png,9.284866161746919
Patrick,Patrick,residuals,100,26,Patrick_splat_residuals_100_026.png,9.49984381210067
Patrick,Patrick,residuals,100,27,Patrick_splat_residuals_100_027.png,9.456172197690059
Patrick,Patrick,residuals,100,28,Patrick_splat_residuals_100_028.png,9.443078087377538
Patrick,Patrick,residuals,100,29,Patrick_splat_residuals_100_029.png,9.522408991868055
Patrick,Patrick,residuals,100,30,Patrick_splat_residuals_100_030.png,9.443770565756559
Patrick,Patrick,residuals,100,31,Patrick_splat_residuals_100_031.png,9.451735907218486
Patrick,Patrick,residuals,100,32,Patrick_splat_residuals_100_032.png,9.449515128844366
Patrick,Patrick,residuals,100,33,Patrick_splat_residuals_100_033.png,9.280006704504194
Patrick,Patrick,residuals,100,34,Patrick_splat_residuals_100_034.png,9.50166964965453
Patrick,Patrick,residuals,100,35,Patrick_splat_residuals_100_035.png,9.334256198303256
Patrick,Patrick,residuals,100,36,Patrick_splat_residuals_100_036.png,9.477199890925753
Patrick,Patrick,residuals,100,37,Patrick_splat_residuals_100_037.png,9.45606629287935
Patrick,Patrick,residuals,100,38,Patrick_splat_residuals_100_038.png,9.422048072529973
Patrick,Patrick,residuals,100,39,Patrick_splat_residuals_100_039.png,9.467141604133174
Patrick,Patrick,residuals,100,40,Patrick_splat_residuals_100_040.png,9.421884165311507
Patrick,Patrick,residuals,100,41,Patrick_splat_residuals_100_041.png,9.444403323965
Patrick,Patrick,residuals,100,42,Patrick_splat_residuals_100_042.png,9.441116533948158
Patrick,Patrick,residuals,100,43,Patrick_splat_residuals_100_043.png,9.29332235122438
Patrick,Patrick,residuals,100,44,Patrick_splat_residuals_100_044.png,9.458277930067641
Patrick,Patrick,residuals,100,45,Patrick_splat_residuals_100_045.png,9.340821660348787
Patrick,Patrick,residuals,100,46,Patrick_splat_residuals_100_046.png,9.451268374880973
Patrick,Patrick,residuals,100,47,Patrick_splat_residuals_100_047.png,9.433461339619562
Patrick,Patrick,residuals,100,48,Patrick_splat_residuals_100_048.png,9.424473285157518
Patrick,Patrick,residuals,100,49,Patrick_splat_residuals_100_049.png,9.476855907457317
Patrick,Patrick,residuals,100,50,Patrick_splat_residuals_100_050.png,9.424302835896045
Patrick,Patrick,residuals,100,51,Patrick_splat_residuals_100_051.png,9.465439588980173
Patrick,Patrick,residuals,100,52,Patrick_splat_residuals_100_052.png,9.452599184081498
Patrick,Patrick,residuals,100,53,Patrick_splat_residuals_100_053.png,9.358329045617829
Patrick,Patrick,residuals,100,54,Patrick_splat_residuals_100_054.png,9.502949127986254
Patrick,Patrick,residuals,100,55,Patrick_splat_residuals_100_055.png,9.377029840265294
Patrick,Patrick,residuals,100,56,Patrick_splat_residuals_100_056.png,9.493048556205453
Patrick,Patrick,residuals,100,57,Patrick_splat_residuals_100_057.png,9.493158018766653
Patrick,Patrick,residuals,100,58,Patrick_splat_residuals_100_058.png,9.45251021253461
Patrick,Patrick,residuals,100,59,Patrick_splat_residuals_100_059.png,9.508918580203064
Patrick,Patrick,residuals,100,60,Patrick_splat_residuals_100_060.png,9.456291513037243
Patrick,Patrick,residuals,100,61,Patrick_splat_residuals_100_061.png,9.505927919014272
Patrick,Patrick,residuals,100,62,Patrick_splat_residuals_100_062.png,9.509973037058595
Patrick,Patrick,residuals,100,63,Patrick_splat_residuals_100_063.png,9.428471273395898
Patrick,Patrick,residuals,100,64,Patrick_splat_residuals_100_064.png,9.532079728908558
Patrick,Patrick,residuals,100,65,Patrick_splat_residuals_100_065.png,9.470849486676778
Patrick,Patrick,residuals,100,66,Patrick_splat_residuals_100_066.png,9.522436308545467
Patrick,Patrick,residuals,100,67,Patrick_splat_residuals_100_067.png,9.521344903216194
Patrick,Patrick,residuals,100,68,Patrick_splat_residuals_100_068.png,9.491649730649659
Patrick,Patrick,residuals,100,69,Patrick_splat_residuals_100_069.png,9.547691021811076
Patrick,Patrick,residuals,100,70,Patrick_splat_residuals_100_070.png,9.472237732801885
Patrick,Patrick,residuals,100,71,Patrick_splat_residuals_100_071.png,9.5322789522773
Patrick,Patrick,residuals,100,72,Patrick_splat_residuals_100_072.png,9.540060025654668
Patrick,Patrick,residuals,100,73,Patrick_splat_residuals_100_073.png,9.423018911197122
Patrick,Patrick,residuals,100,74,Patrick_splat_residuals_100_074.png,9.577604490660285
Patrick,Patrick,residuals,100,75,Patrick_splat_residuals_100_075.png,9.46728374195536
Patrick,Patrick,residuals,100,76,Patrick_splat_residuals_100_076.png,9.551032008938416
Patrick,Patrick,residuals,100,77,Patrick_splat_residuals_100_077.png,9.54617503313111
Patrick,Patrick,residuals,100,78,Patrick_splat_residuals_100_078.png,9.529260860364195
Patrick,Patrick,residuals,100,79,Patrick_splat_residuals_100_079.png,9.576946458413584
Patrick,Patrick,residuals,100,80,Patrick_splat_residuals_100_080.png,9.539460170673587
Patrick,Patrick,residuals,100,81,Patrick_splat_residuals_100_081.png,9.562201417065472
Patrick,Patrick,residuals,100,82,Patrick_splat_residuals_100_082.png,9.571281119867518
Patrick,Patrick,residuals,100,83,Patrick_splat_residuals_100_083.png,9.518603432066694
Patrick,Patrick,residuals,100,84,Patrick_splat_residuals_100_084.png,9.604167702480185
Patrick,Patrick,residuals,100,85,Patrick_splat_residuals_100_085.png,9.558527029638848
Patrick,Patrick,residuals,100,86,Patrick_splat_residuals_100_086.png,9.607238862388497
Patrick,Patrick,residuals,100,87,Patrick_splat_residuals_100_087.png,9.605453963334586
Patrick,Patrick,residuals,100,88,Patrick_splat_residuals_100_088.png,9.583411273252914
Patrick,Patrick,residuals,100,89,Patrick_splat_residuals_100_089.png,9.640748040654914
Patrick,Patrick,residuals,100,90,Patrick_splat_residuals_100_090.png,9.604318440536645
Patrick,Patrick,residuals,100,91,Patrick_splat_residuals_100_091.png,9.639667914719261
Patrick,Patrick,residuals,100,92,Patrick_splat_residuals_100_092.png,9.624568100868064
Patrick,Patrick,residuals,100,93,Patrick_splat_residuals_100_093.png,9.61510464421277
Patrick,Patrick,residuals,100,94,Patrick_splat_residuals_100_094.png,9.665116051006741
Patrick,Patrick,residuals,100,95,Patrick_splat_residuals_100_095.png,9.587084604899198
Patrick,Patrick,residuals,100,96,Patrick_splat_residuals_100_096.png,9.638132351722696
Patrick,Patrick,residuals,100,97,Patrick_splat_residuals_100_097.png,9.66293457501732
Patrick,Patrick,residuals,100,98,Patrick_splat_residuals_100_098.png,9.6684271175222
Patrick,Patrick,residuals,100,99,Patrick_splat_residuals_100_099.png,9.699822044219056
Patrick,Patrick,residuals,100,100,Patrick_splat_residuals_100_100.png,9.660118475014848
Patrick,Patrick,residuals,100,101,Patrick_splat_residuals_100_101.png,9.686279659404079
Patrick,Patrick,residuals,100,102,Patrick_splat_residuals_100_102.png,9.711248470147888
Patrick,Patrick,residuals,100,103,Patrick_splat_residuals_100_103.png,9.687993576539686
Patrick,Patrick,residuals,100,104,Patrick_splat_residuals_100_104.png,9.730768199648391
Patrick,Patrick,residuals,100,105,Patrick_splat_residuals_100_105.png,9.692817329212405
Patrick,Patrick,residuals,100,106,Patrick_splat_residuals_100_106.png,9.714055484997294
Patrick,Patrick,residuals,100,107,Patrick_splat_residuals_100_107.png,9.74956154331885
Patrick,Patrick,residuals,100,108,Patrick_splat_residuals_100_108.png,9.713217233263926
Patrick,Patrick,residuals,100,109,Patrick_splat_residuals_100_109.png,9.765814532556428
Patrick,Patrick,residuals,100,110,Patrick_splat_residuals_100_110.png,9.719129987108886
Patrick,Patrick,residuals,100,111,Patrick_splat_residuals_100_111.png,9.774963210947798
Patrick,Patrick,residuals,100,112,Patrick_splat_residuals_100_112.png,9.752690442545308
Patrick,Patrick,residuals,100,113,Patrick_splat_residuals_100_113.png,9.686560228822838
Patrick,Patrick,residuals,100,114,Patrick_splat_residuals_100_114.png,9.784791932463522
Patrick,Patrick,residuals,100,115,Patrick_splat_residuals_100_115.png,9.731937453868017
Patrick,Patrick,residuals,100,116,Patrick_splat_residuals_100_116.png,9.761212183148391
Patrick,Patrick,residuals,100,117,Patrick_splat_residuals_100_117.png,9.77995997313034
Patrick,Patrick,residuals,100,118,Patrick_splat_residuals_100_118.png,9.787038830045239
Patrick,Patrick,residuals,100,119,Patrick_splat_residuals_100_119.png,9.799107337452865
Patrick,Patrick,residuals,100,120,Patrick_splat_residuals_100_120.png,9.774784224349407
Patrick,Patrick,residuals,100,121,Patrick_splat_residuals_100_121.png,9.781424347832871
Patrick,Patrick,residuals,100,122,Patrick_splat_residuals_100_122.png,9.810832707740078
Patrick,Patrick,residuals,100,123,Patrick_splat_residuals_100_123.png,9.765611963443156
Patrick,Patrick,residuals,100,124,Patrick_splat_residuals_100_124.png,9.815171484606118
Patrick,Patrick,residuals,100,125,Patrick_splat_residuals_100_125.png,9.778921960539046
Patrick,Patrick,residuals,100,126,Patrick_splat_residuals_100_126.png,9.799405606703989
Patrick,Patrick,residuals,100,127,Patrick_splat_residuals_100_127.png,9.822262446453449
Patrick,Patrick,residuals,100,128,Patrick_splat_residuals_100_128.png,9.790661173354135
Patrick,Patrick,residuals,100,129,Patrick_splat_residuals_100_129.png,9.815462281424535
Patrick,Patrick,residuals,100,130,Patrick_splat_residuals_100_130.png,9.796482952208889
Patrick,Patrick,residuals,100,131,Patrick_splat_residuals_100_131.png,9.81392420186042
Patrick,Patrick,residuals,100,132,Patrick_splat_residuals_100_132.png,9.798640026575757
Patrick,Patrick,residuals,100,133,Patrick_splat_residuals_100_133.png,9.820431229469067
Patrick,Patrick,residuals,100,134,Patrick_splat_residuals_100_134.png,9.822895194805344
Patrick,Patrick,residuals,100,135,Patrick_splat_residuals_100_135.png,9.791300311766676
Patrick,Patrick,residuals,100,136,Patrick_splat_residuals_100_136.png,9.81215449093206
Patrick,Patrick,residuals,100,137,Patrick_splat_residuals_100_137.png,9.82928756257317
Patrick,Patrick,residuals,100,138,Patrick_splat_residuals_100_138.png,9.827095019810843
Patrick,Patrick,residuals,100,139,Patrick_splat_residuals_100_139.png,9.83925797673997
Patrick,Patrick,residuals,100,140,Patrick_splat_residuals_100_140.png,9.826021430187996
Patrick,Patrick,residuals,100,141,Patrick_splat_residuals_100_141.png,9.81913410092705
Patrick,Patrick,residuals,100,142,Patrick_splat_residuals_100_142.png,9.852353337519382
Patrick,Patrick,residuals,100,143,Patrick_splat_residuals_100_143.png,9.849110302516543
Patrick,Patrick,residuals,100,144,Patrick_splat_residuals_100_144.png,9.86196605358696
Patrick,Patrick,residuals,100,145,Patrick_splat_residuals_100_145.png,9.852736390960754
Patrick,Patrick,residuals,100,146,Patrick_splat_residuals_100_146.png,9.843080298455241
Patrick,Patrick,residuals,100,147,Patrick_splat_residuals_100_147.png,9.858394814714268
Patrick,Patrick,residuals,100,148,Patrick_splat_residuals_100_148.png,9.869295470904754
Patrick,Patrick,residuals,100,149,Patrick_splat_residuals_100_149.png,9.864686839525485
Patrick,Patrick,residuals,100,150,Patrick_splat_residuals_100_150.png,9.858784425713242
Patrick,Patrick,residuals,100,151,Patrick_splat_residuals_100_151.png,9.854718685302501
Patrick,Patrick,residuals,100,152,Patrick_splat_residuals_100_152.png,9.866561273004992
Patrick,Patrick,residuals,100,153,Patrick_splat_residuals_100_153.png,9.88305156297241
Patrick,Patrick,residuals,100,154,Patrick_splat_residuals_100_154.png,9.871589896052232
Patrick,Patrick,residuals,100,155,Patrick_splat_residuals_100_155.png,9.851296609889733
Patrick,Patrick,residuals,100,156,Patrick_splat_residuals_100_156.png,9.868473273937282
Patrick,Patrick,residuals,100,157,Patrick_splat_residuals_100_157.png,9.818053989877681
Patrick,Patrick,residuals,100,158,Patrick_splat_residuals_100_158.png,9.75416518844691
Patrick,Patrick,residuals,100,159,Patrick_splat_residuals_100_159.png,9.888805443856533
Patrick,Patrick,residuals,100,160,Patrick_splat_residuals_100_160.png,9.713742050833197
Patrick,Patrick,residuals,100,161,Patrick_splat_residuals_100_161.png,9.867034210653667
Patrick,Patrick,residuals,100,162,Patrick_splat_residuals_100_162.png,9.902604397562396
Patrick,Patrick,residuals,100,163,Patrick_splat_residuals_100_163.png,9.91448672574714
Patrick,Patrick,residuals,100,164,Patrick_splat_residuals_100_164.png,9.922216560271824
Patrick,Patrick,residuals,100,165,Patrick_splat_residuals_100_165.png,9.916804743742272
Patrick,Patrick,residuals,100,166,Patrick_splat_residuals_100_166.png,9.89788540990762
Patrick,Patrick,residuals,100,167,Patrick_splat_residuals_100_167.png,9.921840301744684
Patrick,Patrick,residuals,100,168,Patrick_splat_residuals_100_168.png,9.912677728933652
Patrick,Patrick,residuals,100,169,Patrick_splat_residuals_100_169.png,9.913673424030394
Patrick,Patrick,residuals,100,170,Patrick_splat_residuals_100_170.png,9.909518596290392
Patrick,Patrick,residuals,100,171,Patrick_splat_residuals_100_171.png,9.9135079074436
Patrick,Patrick,residuals,100,172,Patrick_splat_residuals_100_172.png,9.913186833820198
Patrick,Patrick,residuals,100,173,Patrick_splat_residuals_100_173.png,9.917200074791928
Patrick,Patrick,residuals,100,174,Patrick_splat_residuals_100_174.png,9.922029915062394
Patrick,Patrick,residuals,100,175,Patrick_splat_residuals_100_175.png,9.90801658503941
Patrick,Patrick,residuals,100,176,Patrick_splat_residuals_100_176.png,9.906318451789929
Patrick,Patrick,residuals,100,177,Patrick_splat_residuals_100_177.png,9.913022725371103
Patrick,Patrick,residuals,100,178,Patrick_splat_residuals_100_178.png,9.911455545481438
Patrick,Patrick,residuals,100,179,Patrick_splat_residuals_100_179.png,9.90791550213719
Patrick,Patrick,residuals,100,180,Patrick_splat_residuals_100_180.png,9.912059403652787
Patrick,Patrick,residuals,100,181,Patrick_splat_residuals_100_181.png,9.907615841409507
Patrick,Patrick,residuals,100,182,Patrick_splat_residuals_100_182.png,9.904040570874116
Patrick,Patrick,residuals,100,183,Patrick_splat_residuals_100_183.png,9.262006845241187
Patrick,Patrick,residuals,100,184,Patrick_splat_residuals_100_184.png,9.795080988771774
Patrick,Patrick,residuals,100,185,Patrick_splat_residuals_100_185.png,9.793028484342592
Patrick,Patrick,residuals,100,186,Patrick_splat_residuals_100_186.png,9.784004173512294
Patrick,Patrick,residuals,100,187,Patrick_splat_residuals_100_187.png,9.777917208875888
Patrick,Patrick,residuals,100,188,Patrick_splat_residuals_100_188.png,9.751863729099519
Patrick,Patrick,residuals,100,189,Patrick_splat_residuals_100_189.png,9.757105527236934
Patrick,Patrick,residuals,100,190,Patrick_splat_residuals_100_190.png,9.759670951571053
Patrick,Patrick,residuals,100,191,Patrick_splat_residuals_100_191.png,9.743264287109065
Patrick,Patrick,residuals,100,192,Patrick_splat_residuals_100_192.png,9.752267981232833
Patrick,Patrick,residuals,100,193,Patrick_splat_residuals_100_193.png,9.742998315238705
Patrick,Patrick,residuals,100,194,Patrick_splat_residuals_100_194.png,9.752975198518923
Patrick,Patrick,residuals,100,195,Patrick_splat_residuals_100_195.png,9.759411588046174
Patrick,Patrick,residuals,100,196,Patrick_splat_residuals_100_196.png,9.744022182167514
Patrick,Patrick,residuals,100,197,Patrick_splat_residuals_100_197.png,9.745881998321263
Patrick,Patrick,residuals,100,198,Patrick_splat_residuals_100_198.png,9.732792968995764
Patrick,Patrick,residuals,100,199,Patrick_splat_residuals_100_199.png,9.74101337973117
Patrick,Patrick,residuals,100,200,Patrick_splat_residuals_100_200.png,9.753894396683044
Patrick,Patrick,residuals,100,201,Patrick_splat_residuals_100_201.png,9.726335923144259
Patrick,Patrick,residuals,100,202,Patrick_splat_residuals_100_202.png,9.74469209317149
Patrick,Patrick,residuals,100,203,Patrick_splat_residuals_100_203.png,9.72781611194305
Patrick,Patrick,residuals,100,204,Patrick_splat_residuals_100_204.png,9.746110004408562
Patrick,Patrick,residuals,100,205,Patrick_splat_residuals_100_205.png,9.743342909018079
Patrick,Patrick,residuals,100,206,Patrick_splat_residuals_100_206.png,9.709974918647358
Patrick,Patrick,residuals,100,207,Patrick_splat_residuals_100_207.png,9.740153257445694
Patrick,Patrick,residuals,100,208,Patrick_splat_residuals_100_208.png,9.714533647981233
Patrick,Patrick,residuals,100,209,Patrick_splat_residuals_100_209.png,9.73655091196234
Patrick,Patrick,residuals,100,210,Patrick_splat_residuals_100_210.png,9.725919534317566
Patrick,Patrick,residuals,100,211,Patrick_splat_residuals_100_211.png,9.719871286284059
Patrick,Patrick,residuals,100,212,Patrick_splat_residuals_100_212.png,9.727497101629115
Patrick,Patrick,residuals,100,213,Patrick_splat_residuals_100_213.png,9.725369368969165
Patrick,Patrick,residuals,100,214,Patrick_splat_residuals_100_214.png,9.735636246327477
Patrick,Patrick,residuals,100,215,Patrick_splat_residuals_100_215.png,9.738239622319748
Patrick,Patrick,residuals,100,216,Patrick_splat_residuals_100_216.png,9.73102979624278
Patrick,Patrick,residuals,100,217,Patrick_splat_residuals_100_217.png,9.737233135471836
Patrick,Patrick,residuals,100,218,Patrick_splat_residuals_100_218.png,9.731311572904369
Patrick,Patrick,residuals,100,219,Patrick_splat_residuals_100_219.png,9.742214215892835
Patrick,Patrick,residuals,100,220,Patrick_splat_residuals_100_220.png,9.739216019409639
Patrick,Patrick,residuals,100,221,Patrick_splat_residuals_100_221.png,9.72110895355047
Patrick,Patrick,residuals,100,222,Patrick_splat_residuals_100_222.png,9.740183971032453
Patrick,Patrick,residuals,100,223,Patrick_splat_residuals_100_223.png,9.717775290174515
Patrick,Patrick,residuals,100,224,Patrick_splat_residuals_100_224.png,9.729798798687066
Patrick,Patrick,residuals,100,225,Patrick_splat_residuals_100_225.png,9.736303181210104
Patrick,Patrick,residuals,100,226,Patrick_splat_residuals_100_226.png,9.729203061814736
Patrick,Patrick,residuals,100,227,Patrick_splat_residuals_100_227.png,9.737946121290253
Patrick,Patrick,residuals,100,228,Patrick_splat_residuals_100_228.png,9.736089264994815
Patrick,Patrick,residuals,100,229,Patrick_splat_residuals_100_229.png,9.735451525928415
Patrick,Patrick,residuals,100,230,Patrick_splat_residuals_100_230.png,9.736285448943029
Patrick,Patrick,residuals,100,231,Patrick_splat_residuals_100_231.png,9.7274025078278
Patrick,Patrick,residuals,100,232,Patrick_splat_residuals_100_232.png,9.737027154306364
Patrick,Patrick,residuals,100,233,Patrick_splat_residuals_100_233.png,9.724141823610076
Patrick,Patrick,residuals,100,234,Patrick_splat_residuals_100_234.png,9.72998653493516
Patrick,Patrick,residuals,100,235,Patrick_splat_residuals_100_235.png,9.727730934164182
Patrick,Patrick,residuals,100,236,Patrick_splat_residuals_100_236.png,9.726312086258279
Patrick,Patrick,residuals,100,237,Patrick_splat_residuals_100_237.png,9.721971047499718
Patrick,Patrick,residuals,100,238,Patrick_splat_residuals_100_238.png,9.728735472063349
Patrick,Patrick,residuals,100,239,Patrick_splat_residuals_100_239.png,9.730699294065255
Patrick,Patrick,residuals,100,240,Patrick_splat_residuals_100_240.png,9.738418200837081
Patrick,Patrick,residuals,100,241,Patrick_splat_residuals_100_241.png,9.730963619717485
Patrick,Patrick,residuals,100,242,Patrick_splat_residuals_100_242.png,9.733476374463558
Patrick,Patrick,residuals,100,243,Patrick_splat_residuals_100_243.png,9.73332109051557
Patrick,Patrick,residuals,100,244,Patrick_splat_residuals_100_244.png,9.741957561609361
Patrick,Patrick,residuals,100,245,Patrick_splat_residuals_100_245.png,9.73586680092084
Patrick,Patrick,residuals,100,246,Patrick_splat_residuals_100_246.png,9.73712726588424
Patrick,Patrick,residuals,100,247,Patrick_splat_residuals_100_247.png,9.737344742172224
Patrick,Patrick,residuals,100,248,Patrick_splat_residuals_100_248.png,9.72647073053271
Patrick,Patrick,residuals,100,249,Patrick_splat_residuals_100_249.png,9.733546985470989
Patrick,Patrick,residuals,100,250,Patrick_splat_residuals_100_250.png,9.726209693329976
Patrick,Patrick,residuals,100,251,Patrick_splat_residuals_100_251.png,9.72269984611324
Patrick,Patrick,residuals,100,252,Patrick_splat_residuals_100_252.png,9.734631743108913
Patrick,Patrick,residuals,100,253,Patrick_splat_residuals_100_253.png,9.72619927428208
Patrick,Patrick,residuals,100,254,Patrick_splat_residuals_100_254.png,9.730074336381087
Patrick,Patrick,residuals,100,255,Patrick_splat_residuals_100_255.png,9.732637739293724
Patrick,Patrick,residuals,100,256,Patrick_splat_residuals_100_256.png,9.72964236936215
Patrick,Patrick,residuals,100,257,Patrick_splat_residuals_100_257.png,9.733173040488163
Patrick,Patrick,residuals,100,258,Patrick_splat_residuals_100_258.png,9.734642067361147
Patrick,Patrick,residuals,100,259,Patrick_splat_residuals_100_259.png,9.733617354810036
Patrick,Patrick,residuals,100,260,Patrick_splat_residuals_100_260.png,9.735206691772234
Patrick,Patrick,residuals,100,261,Patrick_splat_residuals_100_261.png,9.728980175711492
Patrick,Patrick,residuals,100,262,Patrick_splat_residuals_100_262.png,9.73500125839137
Patrick,Patrick,residuals,100,263,Patrick_splat_residuals_100_263.png,9.735730376076479
Patrick,Patrick,residuals,100,264,Patrick_splat_residuals_100_264.png,9.733985365110986
Patrick,Patrick,residuals,100,265,Patrick_splat_residuals_100_265.png,9.729572230383248
Patrick,Patrick,residuals,100,266,Patrick_splat_residuals_100_266.png,9.726391422556096
Patrick,Patrick,residuals,100,267,Patrick_splat_residuals_100_267.png,9.727863219520213
Patrick,Patrick,residuals,100,268,Patrick_splat_residuals_100_268.png,9.72503462907911
Patrick,Patrick,residuals,100,269,Patrick_splat_residuals_100_269.png,9.727806710058445
Patrick,Patrick,residuals,100,270,Patrick_splat_residuals_100_270.png,9.721971259926182
Patrick,Patrick,residuals,100,271,Patrick_splat_residuals_100_271.png,9.717249632771948
Patrick,Patrick,residuals,100,272,Patrick_splat_residuals_100_272.png,9.714870930290981
Patrick,Patrick,residuals,100,273,Patrick_splat_residuals_100_273.png,9.716247807171488
Patrick,Patrick,residuals,100,274,Patrick_splat_residuals_100_274.png,9.715360229398163
Patrick,Patrick,residuals,100,275,Patrick_splat_residuals_100_275.png,9.709782559020777
Patrick,Patrick,residuals,100,276,Patrick_splat_residuals_100_276.png,9.712016346028296
Patrick,Patrick,residuals,100,277,Patrick_splat_residuals_100_277.png,9.704007169189309
Patrick,Patrick,residuals,100,278,Patrick_splat_residuals_100_278.png,9.71139335039463
Patrick,Patrick,residuals,100,279,Patrick_splat_residuals_100_279.png,9.712524035829803
Patrick,Patrick,residuals,100,280,Patrick_splat_residuals_100_280.png,9.702004264799145
Patrick,Patrick,residuals,100,281,Patrick_splat_residuals_100_281.png,9.701784588574837
Patrick,Patrick,residuals,100,282,Patrick_splat_residuals_100_282.png,9.710417984474196
Patrick,Patrick,residuals,100,283,Patrick_splat_residuals_100_283.png,9.709169740936709
Patrick,Patrick,residuals,100,284,Patrick_splat_residuals_100_284.png,9.707254209501537
Patrick,Patrick,residuals,100,285,Patrick_splat_residuals_100_285.png,9.712451332484509
Patrick,Patrick,residuals,100,286,Patrick_splat_residuals_100_286.png,9.711800973597429
Patrick,Patrick,residuals,100,287,Patrick_splat_residuals_100_287.png,9.713737806108071
Patrick,Patrick,residuals,100,288,Patrick_splat_residuals_100_288.png,9.711151919905431
Patrick,Patrick,residuals,100,289,Patrick_splat_residuals_100_289.png,9.712242826888627
Patrick,Patrick,residuals,100,290,Patrick_splat_residuals_100_290.png,9.71059455395055
Patrick,Patrick,residuals,100,291,Patrick_splat_residuals_100_291.png,9.706060633510669
Patrick,Patrick,residuals,100,292,Patrick_splat_residuals_100_292.png,9.712070692049487
Patrick,Patrick,residuals,100,293,Patrick_splat_residuals_100_293.png,9.711173724256353
Patrick,Patrick,residuals,100,294,Patrick_splat_residuals_100_294.png,9.708350575271153
Patrick,Patrick,residuals,100,295,Patrick_splat_residuals_100_295.png,9.711987628239317
Patrick,Patrick,residuals,100,296,Patrick_splat_residuals_100_296.png,9.703722944669037
Patrick,Patrick,residuals,100,297,Patrick_splat_residuals_100_297.png,9.708384347092185
Patrick,Patrick,residuals,100,298,Patrick_splat_residuals_100_298.png,9.705659867978643
Patrick,Patrick,residuals,100,299,Patrick_splat_residuals_100_299.png,9.711523994691007
Patrick,Patrick,residuals,100,300,Patrick_splat_residuals_100_300.png,9.708839826454394
Patrick,Patrick,residuals,100,301,Patrick_splat_residuals_100_301.png,9.705063217822099
Patrick,Patrick,residuals,100,302,Patrick_splat_residuals_100_302.png,9.71151815852617
Patrick,Patrick,residuals,100,303,Patrick_splat_residuals_100_303.png,9.70607025088174
Patrick,Patrick,residuals,100,304,Patrick_splat_residuals_100_304.png,9.712016078983776
Patrick,Patrick,residuals,100,305,Patrick_splat_residuals_100_305.png,9.709549656949717
Patrick,Patrick,residuals,100,306,Patrick_splat_residuals_100_306.png,9.712704582788847
Patrick,Patrick,residuals,100,307,Patrick_splat_residuals_100_307.png,9.714570305343575
Patrick,Patrick,residuals,100,308,Patrick_splat_residuals_100_308.png,9.717944353222245
Patrick,Patrick,residuals,100,309,Patrick_splat_residuals_100_309.png,9.710235600445923
Patrick,Patrick,residuals,100,310,Patrick_splat_residuals_100_310.png,9.713793827484608
Patrick,Patrick,residuals,100,311,Patrick_splat_residuals_100_311.png,9.707155114429588
Patrick,Patrick,residuals,100,312,Patrick_splat_residuals_100_312.png,9.719878021199541
Patrick,Patrick,residuals,100,313,Patrick_splat_residuals_100_313.png,9.713823375648813
Patrick,Patrick,residuals,1000,8,Patrick_splat_residuals_1000_008.png,9.473838663875435
Patrick,Patrick,residuals,1000,9,Patrick_splat_residuals_1000_009.png,9.473717629635164
Patrick,Patrick,residuals,1000,18,Patrick_splat_residuals_1000_018.png,9.383682418114356
Patrick,Patrick,residuals,1000,19,Patrick_splat_residuals_1000_019.png,9.520717757919684
Patrick,Patrick,residuals,1000,20,Patrick_splat_residuals_1000_020.png,9.393417102739551
Patrick,Patrick,residuals,1000,21,Patrick_splat_residuals_1000_021.png,9.459031280567443
Patrick,Patrick,residuals,1000,23,Patrick_splat_residuals_1000_023.png,9.239206569657439
Patrick,Patrick,residuals,1000,24,Patrick_splat_residuals_1000_024.png,9.540091222286756
Patrick,Patrick,residuals,1000,25,Patrick_splat_residuals_1000_025.png,9.231728088840574
Patrick,Patrick,residuals,1000,26,Patrick_splat_residuals_1000_026.png,9.460706510659785
Patrick,Patrick,residuals,1000,27,Patrick_splat_residuals_1000_027.png,9.440057997412998
Patrick,Patrick,residuals,1000,30,Patrick_splat_residuals_1000_030.png,9.350938518741772
Patrick,Patrick,residuals,1000,31,Patrick_splat_residuals_1000_031.png,9.45546987974534
Patrick,Patrick,residuals,1000,32,Patrick_splat_residuals_1000_032.png,9.40138740023028
Patrick,Patrick,residuals,1000,33,Patrick_splat_residuals_1000_033.png,9.22294010967589
Patrick,Patrick,residuals,1000,34,Patrick_splat_residuals_1000_034.png,9.514660694292719
Patrick,Patrick,residuals,1000,35,Patrick_splat_residuals_1000_035.png,9.207862510001128
Patrick,Patrick,residuals,1000,37,Patrick_splat_residuals_1000_037.png,9.427101263970913
Patrick,Patrick,residuals,1000,140,Patrick_splat_residuals_1000_140.png,9.809044901966239
Patrick,Patrick,residuals,1000,141,Patrick_splat_residuals_1000_141.png,9.818521648227419
Patrick,Patrick,residuals,1000,142,Patrick_splat_residuals_1000_142.png,9.840821185688002
Patrick,Patrick,residuals,1000,143,Patrick_splat_residuals_1000_143.png,9.814110476417499
Patrick,Patrick,residuals,1000,144,Patrick_splat_residuals_1000_144.png,9.87132616285338
Patrick,Patrick,residuals,1000,145,Patrick_splat_residuals_1000_145.png,9.825381686810125
Patrick,Patrick,residuals,1000,146,Patrick_splat_residuals_1000_146.png,9.84489640781427
Patrick,Patrick,residuals,1000,147,Patrick_splat_residuals_1000_147.png,9.858657702396572
Patrick,Patrick,residuals,1000,150,Patrick_splat_residuals_1000_150.png,9.838413791615789
Patrick,Patrick,residuals,1000,151,Patrick_splat_residuals_1000_151.png,9.857423729964825
Patrick,Patrick,residuals,1000,152,Patrick_splat_residuals_1000_152.png,9.875172763315378
Patrick,Patrick,residuals,1000,153,Patrick_splat_residuals_1000_153.png,9.880970276882392
Patrick,Patrick,residuals,1000,154,Patrick_splat_residuals_1000_154.png,9.889138707441372
Patrick,Patrick,residuals,1000,155,Patrick_splat_residuals_1000_155.png,9.799958752371289
Patrick,Patrick,residuals,1000,157,Patrick_splat_residuals_1000_157.png,9.791354238759716
Patrick,Patrick,residuals,1000,168,Patrick_splat_residuals_1000_168.png,9.919874424563899
Patrick,Patrick,residuals,1000,169,Patrick_splat_residuals_1000_169.png,9.923133673220587
Patrick,Patrick,residuals,1000,178,Patrick_splat_residuals_1000_178.png,9.920555658471894
Patrick,Patrick,residuals,1000,179,Patrick_splat_residuals_1000_179.png,9.921421568668649
Patrick,Patrick,residuals,1000,180,Patrick_splat_residuals_1000_180.png,9.919979797136044
Patrick,Patrick,residuals,1000,182,Patrick_splat_residuals_1000_182.png,9.920095413314487
Patrick,Patrick,residuals,1000,183,Patrick_splat_residuals_1000_183.png,9.12394564405912
Patrick,Patrick,residuals,1000,184,Patrick_splat_residuals_1000_184.png,9.800795101155881
Patrick,Patrick,residuals,1000,185,Patrick_splat_residuals_1000_185.png,9.803783084034217
Patrick,Patrick,residuals,1000,186,Patrick_splat_residuals_1000_186.png,9.790187606155222
Patrick,Patrick,residuals,1000,187,Patrick_splat_residuals_1000_187.png,9.791027915571357
Patrick,Patrick,residuals,1000,190,Patrick_splat_residuals_1000_190.png,9.767236228279847
Patrick,Patrick,residuals,1000,191,Patrick_splat_residuals_1000_191.png,9.716159538068327
Patrick,Patrick,residuals,1000,192,Patrick_splat_residuals_1000_192.png,9.763824497402268
Patrick,Patrick,residuals,1000,193,Patrick_splat_residuals_1000_193.png,9.719826898101726
Patrick,Patrick,residuals,1000,194,Patrick_splat_residuals_1000_194.png,9.762892773642944
Patrick,Patrick,residuals,1000,196,Patrick_splat_residuals_1000_196.png,9.718258430419851
Patrick,Patrick,residuals,1000,197,Patrick_splat_residuals_1000_197.png,9.760530764882981
Patrick,Patrick,residuals,1000,209,Patrick_splat_residuals_1000_209.png,9.74613953401835
Patrick,Patrick,residuals,1000,218,Patrick_splat_residuals_1000_218.png,9.73626291713311
Patrick,Patrick,residuals,1000,219,Patrick_splat_residuals_1000_219.png,9.74419830404407
Patrick,Patrick,residuals,1000,221,Patrick_splat_residuals_1000_221.png,9.728529944588674
Patrick,Patrick,residuals,1000,222,Patrick_splat_residuals_1000_222.png,9.742577999417392
Patrick,Patrick,residuals,1000,223,Patrick_splat_residuals_1000_223.png,9.738367699153855
Patrick,Patrick,residuals,1000,224,Patrick_splat_residuals_1000_224.png,9.737470963482012
Patrick,Patrick,residuals,1000,225,Patrick_splat_residuals_1000_225.png,9.74243648885416
Patrick,Patrick,residuals,1000,226,Patrick_splat_residuals_1000_226.png,9.732599408671561
Patrick,Patrick,residuals,1000,227,Patrick_splat_residuals_1000_227.png,9.743467532890044
Patrick,Patrick,residuals,1000,230,Patrick_splat_residuals_1000_230.png,9.743411750787468
Patrick,Patrick,residuals,1000,231,Patrick_splat_residuals_1000_231.png,9.73594057500867
Patrick,Patrick,residuals,1000,232,Patrick_splat_residuals_1000_232.png,9.74544553020492
Patrick,Patrick,residuals,1000,233,Patrick_splat_residuals_1000_233.png,9.733119226275878
Patrick,Patrick,residuals,1000,235,Patrick_splat_residuals_1000_235.png,9.740738700319675
Patrick,Patrick,residuals,1000,236,Patrick_splat_residuals_1000_236.png,9.732695159198695
Patrick,Patrick,residuals,1000,237,Patrick_splat_residuals_1000_237.png,9.741525712725718
Office_Car_Crash,Office Car Crash,frames,10,0,Office_Car_Crash_splat_frames_10_000.png,18.506671067163424
Office_Car_Crash,Office Car Crash,frames,10,1,Office_Car_Crash_splat_frames_10_001.png,19.231059301845903
Office_Car_Crash,Office Car Crash,frames,10,2,Office_Car_Crash_splat_frames_10_002.png,19.768549751405192
Office_Car_Crash,Office Car Crash,frames,10,3,Office_Car_Crash_splat_frames_10_003.png,20.188720215957737
Office_Car_Crash,Office Car Crash,frames,10,4,Office_Car_Crash_splat_frames_10_004.png,18.821224951973278
Office_Car_Crash,Office Car Crash,frames,10,5,Office_Car_Crash_splat_frames_10_005.png,19.938490256347883
Office_Car_Crash,Office Car Crash,frames,10,6,Office_Car_Crash_splat_frames_10_006.png,18.19597822179102
Office_Car_Crash,Office Car Crash,frames,10,7,Office_Car_Crash_splat_frames_10_007.png,17.49053932788999
Office_Car_Crash,Office Car Crash,frames,10,8,Office_Car_Crash_splat_frames_10_008.png,18.779709836754154
Office_Car_Crash,Office Car Crash,frames,10,9,Office_Car_Crash_splat_frames_10_009.png,19.724569657352163
Office_Car_Crash,Office Car Crash,frames,10,10,Office_Car_Crash_splat_frames_10_010.png,16.72819595817499
Office_Car_Crash,Office Car Crash,frames,10,11,Office_Car_Crash_splat_frames_10_011.png,19.451371783587593
Office_Car_Crash,Office Car Crash,frames,10,12,Office_Car_Crash_splat_frames_10_012.png,19.56448061326658
Office_Car_Crash,Office Car Crash,frames,10,13,Office_Car_Crash_splat_frames_10_013.png,19.25007767585814
Office_Car_Crash,Office Car Crash,frames,10,14,Office_Car_Crash_splat_frames_10_014.png,19.218371647008063
Office_Car_Crash,Office Car Crash,frames,10,15,Office_Car_Crash_splat_frames_10_015.png,19.08739166417575
Office_Car_Crash,Office Car Crash,frames,10,16,Office_Car_Crash_splat_frames_10_016.png,20.160014570781183
Office_Car_Crash,Office Car Crash,frames,10,17,Office_Car_Crash_splat_frames_10_017.png,21.386522192390412
Office_Car_Crash,Office Car Crash,frames,10,18,Office_Car_Crash_splat_frames_10_018.png,20.456612174125056
Office_Car_Crash,Office Car Crash,frames,10,19,Office_Car_Crash_splat_frames_10_019.png,19.50672777096531
Office_Car_Crash,Office Car Crash,frames,10,20,Office_Car_Crash_splat_frames_10_020.png,19.168835080899452
Office_Car_Crash,Office Car Crash,frames,10,21,Office_Car_Crash_splat_frames_10_021.png,18.42717936697825
Office_Car_Crash,Office Car Crash,frames,10,22,Office_Car_Crash_splat_frames_10_022.png,18.162524035259995
Office_Car_Crash,Office Car Crash,frames,10,23,Office_Car_Crash_splat_frames_10_023.png,17.178986167035205
Office_Car_Crash,Office Car Crash,frames,10,24,Office_Car_Crash_splat_frames_10_024.png,17.71818496550048
Office_Car_Crash,Office Car Crash,frames,10,25,Office_Car_Crash_splat_frames_10_025.png,18.16370301910375
Office_Car_Crash,Office Car Crash,frames,10,26,Office_Car_Crash_splat_frames_10_026.png,18.12130803251178
Office_Car_Crash,Office Car Crash,frames,10,27,Office_Car_Crash_splat_frames_10_027.png,17.317801111998573
Office_Car_Crash,Office Car Crash,frames,10,28,Office_Car_Crash_splat_frames_10_028.png,16.782527299365434
Office_Car_Crash,Office Car Crash,frames,10,29,Office_Car_Crash_splat_frames_10_029.png,16.056510978689182
Office_Car_Crash,Office Car Crash,frames,10,30,Office_Car_Crash_splat_frames_10_030.png,15.854290959120263
Office_Car_Crash,Office Car Crash,frames,10,31,Office_Car_Crash_splat_frames_10_031.png,17.081173002864436
Office_Car_Crash,Office Car Crash,frames,10,32,Office_Car_Crash_splat_frames_10_032.png,16.612688856881597
Office_Car_Crash,Office Car Crash,frames,10,33,Office_Car_Crash_splat_frames_10_033.png,16.356276484407925
Office_Car_Crash,Office Car Crash,frames,10,34,Office_Car_Crash_splat_frames_10_034.png,16.677767050328065
Office_Car_Crash,Office Car Crash,frames,10,35,Office_Car_Crash_splat_frames_10_035.png,16.49715353020315
Office_Car_Crash,Office Car Crash,frames,10,36,Office_Car_Crash_splat_frames_10_036.png,15.680038756541544
Office_Car_Crash,Office Car Crash,frames,10,37,Office_Car_Crash_splat_frames_10_037.png,16.82196576502244
Office_Car_Crash,Office Car Crash,frames,10,38,Office_Car_Crash_splat_frames_10_038.png,15.965214139612183
Office_Car_Crash,Office Car Crash,frames,10,39,Office_Car_Crash_splat_frames_10_039.png,16.17674965837686
Office_Car_Crash,Office Car Crash,frames,10,40,Office_Car_Crash_splat_frames_10_040.png,15.10082535051068
Office_Car_Crash,Office Car Crash,frames,10,41,Office_Car_Crash_splat_frames_10_041.png,15.791297812727132
Office_Car_Crash,Office Car Crash,frames,10,42,Office_Car_Crash_splat_frames_10_042.png,16.05625326044457
Office_Car_Crash,Office Car Crash,frames,10,43,Office_Car_Crash_splat_frames_10_043.png,15.398773780538699
Office_Car_Crash,Office Car Crash,frames,10,44,Office_Car_Crash_splat_frames_10_044.png,14.854176367604602
Office_Car_Crash,Office Car Crash,frames,10,45,Office_Car_Crash_splat_frames_10_045.png,15.723685066638946
Office_Car_Crash,Office Car Crash,frames,10,46,Office_Car_Crash_splat_frames_10_046.png,14.899563239389773
Office_Car_Crash,Office Car Crash,frames,10,47,Office_Car_Crash_splat_frames_10_047.png,15.354909208440379
Office_Car_Crash,Office Car Crash,frames,10,48,Office_Car_Crash_splat_frames_10_048.png,15.328340804286588
Office_Car_Crash,Office Car Crash,frames,10,49,Office_Car_Crash_splat_frames_10_049.png,16.103058688830238
Office_Car_Crash,Office Car Crash,frames,10,50,Office_Car_Crash_splat_frames_10_050.png,16.244156226360307
Office_Car_Crash,Office Car Crash,frames,10,51,Office_Car_Crash_splat_frames_10_051.png,16.611930013930284
Office_Car_Crash,Office Car Crash,frames,10,52,Office_Car_Crash_splat_frames_10_052.png,16.349138641317015
Office_Car_Crash,Office Car Crash,frames,10,53,Office_Car_Crash_splat_frames_10_053.png,16.076586342458548
Office_Car_Crash,Office Car Crash,frames,10,54,Office_Car_Crash_splat_frames_10_054.png,16.94902985604459
Office_Car_Crash,Office Car Crash,frames,10,55,Office_Car_Crash_splat_frames_10_055.png,17.168746585556914
Office_Car_Crash,Office Car Crash,frames,10,56,Office_Car_Crash_splat_frames_10_056.png,16.53166020072954
Office_Car_Crash,Office Car Crash,frames,10,57,Office_Car_Crash_splat_frames_10_057.png,15.654284128767632
Office_Car_Crash,Office Car Crash,frames,10,58,Office_Car_Crash_splat_frames_10_058.png,15.900765920592402
Office_Car_Crash,Office Car Crash,frames,10,59,Office_Car_Crash_splat_frames_10_059.png,14.767440083579832
Office_Car_Crash,Office Car Crash,frames,10,60,Office_Car_Crash_splat_frames_10_060.png,15.212993853623434
Office_Car_Crash,Office Car Crash,frames,10,61,Office_Car_Crash_splat_frames_10_061.png,14.183127223930551
Office_Car_Crash,Office Car Crash,frames,10,62,Office_Car_Crash_splat_frames_10_062.png,14.495937824915037
Office_Car_Crash,Office Car Crash,frames,10,63,Office_Car_Crash_splat_frames_10_063.png,14.495263242006608
Office_Car_Crash,Office Car Crash,frames,10,64,Office_Car_Crash_splat_frames_10_064.png,14.514574498172724
Office_Car_Crash,Office Car Crash,frames,10,65,Office_Car_Crash_splat_frames_10_065.png,15.38684819953555
Office_Car_Crash,Office Car Crash,frames,10,66,Office_Car_Crash_splat_frames_10_066.png,14.67382622344405
Office_Car_Crash,Office Car Crash,frames,10,67,Office_Car_Crash_splat_frames_10_067.png,15.17229935488569
Office_Car_Crash,Office Car Crash,frames,10,68,Office_Car_Crash_splat_frames_10_068.png,15.365052640962976
Office_Car_Crash,Office Car Crash,frames,10,69,Office_Car_Crash_splat_frames_10_069.png,15.199242733916268
Office_Car_Crash,Office Car Crash,frames,10,70,Office_Car_Crash_splat_frames_10_070.png,15.172219774009735
Office_Car_Crash,Office Car Crash,frames,10,71,Office_Car_Crash_splat_frames_10_071.png,15.400230798213023
Office_Car_Crash,Office Car Crash,frames,10,72,Office_Car_Crash_splat_frames_10_072.png,16.06788218418577
Office_Car_Crash,Office Car Crash,frames,10,73,Office_Car_Crash_splat_frames_10_073.png,16.69561592784956
Office_Car_Crash,Office Car Crash,frames,10,74,Office_Car_Crash_splat_frames_10_074.png,17.304750044105546
Office_Car_Crash,Office Car Crash,frames,10,75,Office_Car_Crash_splat_frames_10_075.png,17.94565286895438
Office_Car_Crash,Office Car Crash,frames,10,76,Office_Car_Crash_splat_frames_10_076.png,18.33624650956236
Office_Car_Crash,Office Car Crash,frames,10,77,Office_Car_Crash_splat_frames_10_077.png,16.586999198878456
Office_Car_Crash,Office Car Crash,frames,10,78,Office_Car_Crash_splat_frames_10_078.png,17.661881198230304
Office_Car_Crash,Office Car Crash,frames,10,79,Office_Car_Crash_splat_frames_10_079.png,17.65519399446876
Office_Car_Crash,Office Car Crash,frames,10,80,Office_Car_Crash_splat_frames_10_080.png,18.407622481823942
Office_Car_Crash,Office Car Crash,frames,10,81,Office_Car_Crash_splat_frames_10_081.png,16.880190250031234
Office_Car_Crash,Office Car Crash,frames,10,82,Office_Car_Crash_splat_frames_10_082.png,16.86007381138331
Office_Car_Crash,Office Car Crash,frames,10,83,Office_Car_Crash_splat_frames_10_083.png,17.070452060400253
Office_Car_Crash,Office Car Crash,frames,10,84,Office_Car_Crash_splat_frames_10_084.png,17.924471588497173
Office_Car_Crash,Office Car Crash,frames,10,85,Office_Car_Crash_splat_frames_10_085.png,14.462982311107071
Office_Car_Crash,Office Car Crash,frames,10,86,Office_Car_Crash_splat_frames_10_086.png,14.885242819370035
Office_Car_Crash,Office Car Crash,frames,10,87,Office_Car_Crash_splat_frames_10_087.png,15.549137783109988
Office_Car_Crash,Office Car Crash,frames,10,88,Office_Car_Crash_splat_frames_10_088.png,14.302998270878845
Office_Car_Crash,Office Car Crash,frames,10,89,Office_Car_Crash_splat_frames_10_089.png,16.154427174988562
Office_Car_Crash,Office Car Crash,frames,10,90,Office_Car_Crash_splat_frames_10_090.png,15.68512797586993
Office_Car_Crash,Office Car Crash,frames,10,91,Office_Car_Crash_splat_frames_10_091.png,16.023106571106553
Office_Car_Crash,Office Car Crash,frames,10,92,Office_Car_Crash_splat_frames_10_092.png,16.411682197792274
Office_Car_Crash,Office Car Crash,frames,10,93,Office_Car_Crash_splat_frames_10_093.png,18.088005996973735
Office_Car_Crash,Office Car Crash,frames,10,94,Office_Car_Crash_splat_frames_10_094.png,17.4115877921956
Office_Car_Crash,Office Car Crash,frames,10,95,Office_Car_Crash_splat_frames_10_095.png,17.59130297244043
Office_Car_Crash,Office Car Crash,frames,10,96,Office_Car_Crash_splat_frames_10_096.png,17.48529244084459
Office_Car_Crash,Office Car Crash,frames,10,97,Office_Car_Crash_splat_frames_10_097.png,16.83878681128211
Office_Car_Crash,Office Car Crash,frames,10,98,Office_Car_Crash_splat_frames_10_098.png,16.48208722505754
Office_Car_Crash,Office Car Crash,frames,10,99,Office_Car_Crash_splat_frames_10_099.png,16.756026096181394
Office_Car_Crash,Office Car Crash,frames,10,100,Office_Car_Crash_splat_frames_10_100.png,16.09950729420493
Office_Car_Crash,Office Car Crash,frames,10,101,Office_Car_Crash_splat_frames_10_101.png,15.821942106393283
Office_Car_Crash,Office Car Crash,frames,10,102,Office_Car_Crash_splat_frames_10_102.png,16.828785246119814
Office_Car_Crash,Office Car Crash,frames,10,103,Office_Car_Crash_splat_frames_10_103.png,16.496882390157058
Office_Car_Crash,Office Car Crash,frames,10,104,Office_Car_Crash_splat_frames_10_104.png,16.65564228960386
Office_Car_Crash,Office Car Crash,frames,10,105,Office_Car_Crash_splat_frames_10_105.png,15.728850318147774
Office_Car_Crash,Office Car Crash,frames,10,106,Office_Car_Crash_splat_frames_10_106.png,16.438832979856485
Office_Car_Crash,Office Car Crash,frames,10,107,Office_Car_Crash_splat_frames_10_107.png,16.493971518361924
Office_Car_Crash,Office Car Crash,frames,10,108,Office_Car_Crash_splat_frames_10_108.png,16.535108179691505
Office_Car_Crash,Office Car Crash,frames,10,109,Office_Car_Crash_splat_frames_10_109.png,16.505225498057904
Office_Car_Crash,Office Car Crash,frames,10,110,Office_Car_Crash_splat_frames_10_110.png,15.122066701478476
Office_Car_Crash,Office Car Crash,frames,10,111,Office_Car_Crash_splat_frames_10_111.png,16.499515574550042
Office_Car_Crash,Office Car Crash,frames,10,112,Office_Car_Crash_splat_frames_10_112.png,16.73707998951289
Office_Car_Crash,Office Car Crash,frames,10,113,Office_Car_Crash_splat_frames_10_113.png,17.002077545133222
Office_Car_Crash,Office Car Crash,frames,10,114,Office_Car_Crash_splat_frames_10_114.png,17.54938024155726
Office_Car_Crash,Office Car Crash,frames,10,115,Office_Car_Crash_splat_frames_10_115.png,15.939170518052425
Office_Car_Crash,Office Car Crash,frames,10,116,Office_Car_Crash_splat_frames_10_116.png,16.448470975565613
Office_Car_Crash,Office Car Crash,frames,10,117,Office_Car_Crash_splat_frames_10_117.png,17.3179530661892
Office_Car_Crash,Office Car Crash,frames,10,118,Office_Car_Crash_splat_frames_10_118.png,15.154836473205954
Office_Car_Crash,Office Car Crash,frames,10,119,Office_Car_Crash_splat_frames_10_119.png,16.71190329193307
Office_Car_Crash,Office Car Crash,frames,10,120,Office_Car_Crash_splat_frames_10_120.png,16.92456869024515
Office_Car_Crash,Office Car Crash,frames,10,121,Office_Car_Crash_splat_frames_10_121.png,15.898226119424281
Office_Car_Crash,Office Car Crash,frames,10,122,Office_Car_Crash_splat_frames_10_122.png,16.728761099517495
Office_Car_Crash,Office Car Crash,frames,10,123,Office_Car_Crash_splat_frames_10_123.png,16.600664547420788
Office_Car_Crash,Office Car Crash,frames,10,124,Office_Car_Crash_splat_frames_10_124.png,15.93011461770475
Office_Car_Crash,Office Car Crash,frames,10,125,Office_Car_Crash_splat_frames_10_125.png,16.491681843660793
Office_Car_Crash,Office Car Crash,frames,10,126,Office_Car_Crash_splat_frames_10_126.png,16.461834289252554
Office_Car_Crash,Office Car Crash,frames,10,127,Office_Car_Crash_splat_frames_10_127.png,17.058272792251024
Office_Car_Crash,Office Car Crash,frames,10,128,Office_Car_Crash_splat_frames_10_128.png,15.890881273856186
Office_Car_Crash,Office Car Crash,frames,10,129,Office_Car_Crash_splat_frames_10_129.png,15.152539741928592
Office_Car_Crash,Office Car Crash,frames,10,130,Office_Car_Crash_splat_frames_10_130.png,16.515604212523964
Office_Car_Crash,Office Car Crash,frames,10,131,Office_Car_Crash_splat_frames_10_131.png,16.801328796599492
Office_Car_Crash,Office Car Crash,frames,10,132,Office_Car_Crash_splat_frames_10_132.png,17.049252594818334
Office_Car_Crash,Office Car Crash,frames,10,133,Office_Car_Crash_splat_frames_10_133.png,16.97332522297546
Office_Car_Crash,Office Car Crash,frames,10,134,Office_Car_Crash_splat_frames_10_134.png,17.268818148772095
Office_Car_Crash,Office Car Crash,frames,10,135,Office_Car_Crash_splat_frames_10_135.png,16.898294579246603
Office_Car_Crash,Office Car Crash,frames,10,136,Office_Car_Crash_splat_frames_10_136.png,16.911923905942796
Office_Car_Crash,Office Car Crash,frames,10,137,Office_Car_Crash_splat_frames_10_137.png,16.721421581736628
Office_Car_Crash,Office Car Crash,frames,10,138,Office_Car_Crash_splat_frames_10_138.png,16.76844695907175
Office_Car_Crash,Office Car Crash,frames,10,139,Office_Car_Crash_splat_frames_10_139.png,16.196182122377465
Office_Car_Crash,Office Car Crash,frames,10,140,Office_Car_Crash_splat_frames_10_140.png,16.652624027311578
Office_Car_Crash,Office Car Crash,frames,10,141,Office_Car_Crash_splat_frames_10_141.png,16.8390834273703
Office_Car_Crash,Office Car Crash,frames,10,142,Office_Car_Crash_splat_frames_10_142.png,17.178717980095428
Office_Car_Crash,Office Car Crash,frames,10,143,Office_Car_Crash_splat_frames_10_143.png,16.274166551780716
Office_Car_Crash,Office Car Crash,frames,10,144,Office_Car_Crash_splat_frames_10_144.png,16.82287876361775
Office_Car_Crash,Office Car Crash,frames,10,145,Office_Car_Crash_splat_frames_10_145.png,16.44272784598406
Office_Car_Crash,Office Car Crash,frames,10,146,Office_Car_Crash_splat_frames_10_146.png,16.422094623171873
Office_Car_Crash,Office Car Crash,frames,10,147,Office_Car_Crash_splat_frames_10_147.png,16.83619670012367
Office_Car_Crash,Office Car Crash,frames,10,148,Office_Car_Crash_splat_frames_10_148.png,16.842283531712503
Office_Car_Crash,Office Car Crash,frames,10,149,Office_Car_Crash_splat_frames_10_149.png,16.286218249233244
Office_Car_Crash,Office Car Crash,frames,10,150,Office_Car_Crash_splat_frames_10_150.png,17.523220933525817
Office_Car_Crash,Office Car Crash,frames,10,151,Office_Car_Crash_splat_frames_10_151.png,16.816442793602814
Office_Car_Crash,Office Car Crash,frames,10,152,Office_Car_Crash_splat_frames_10_152.png,16.85242632872461
Office_Car_Crash,Office Car Crash,frames,10,153,Office_Car_Crash_splat_frames_10_153.png,16.770307103035513
Office_Car_Crash,Office Car Crash,frames,10,154,Office_Car_Crash_splat_frames_10_154.png,17.198520283481102
Office_Car_Crash,Office Car Crash,frames,10,155,Office_Car_Crash_splat_frames_10_155.png,17.3271569178393
Office_Car_Crash,Office Car Crash,frames,10,156,Office_Car_Crash_splat_frames_10_156.png,16.916647679943534
Office_Car_Crash,Office Car Crash,frames,10,157,Office_Car_Crash_splat_frames_10_157.png,17.203242224004683
Office_Car_Crash,Office Car Crash,frames,10,158,Office_Car_Crash_splat_frames_10_158.png,16.942507240964105
Office_Car_Crash,Office Car Crash,frames,10,159,Office_Car_Crash_splat_frames_10_159.png,16.27403197724657
Office_Car_Crash,Office Car Crash,frames,10,160,Office_Car_Crash_splat_frames_10_160.png,16.30702611390749
Office_Car_Crash,Office Car Crash,frames,10,161,Office_Car_Crash_splat_frames_10_161.png,16.17626118204352
Office_Car_Crash,Office Car Crash,frames,10,162,Office_Car_Crash_splat_frames_10_162.png,16.35837723214918
Office_Car_Crash,Office Car Crash,frames,10,163,Office_Car_Crash_splat_frames_10_163.png,16.73329729037669
Office_Car_Crash,Office Car Crash,frames,10,164,Office_Car_Crash_splat_frames_10_164.png,16.80805241639396
Office_Car_Crash,Office Car Crash,frames,10,165,Office_Car_Crash_splat_frames_10_165.png,17.135840873941127
Office_Car_Crash,Office Car Crash,frames,10,166,Office_Car_Crash_splat_frames_10_166.png,17.183006445163123
Office_Car_Crash,Office Car Crash,frames,10,167,Office_Car_Crash_splat_frames_10_167.png,17.285872074821825
Office_Car_Crash,Office Car Crash,frames,10,168,Office_Car_Crash_splat_frames_10_168.png,17.37878620707386
Office_Car_Crash,Office Car Crash,frames,10,169,Office_Car_Crash_splat_frames_10_169.png,17.35991611839215
Office_Car_Crash,Office Car Crash,frames,10,170,Office_Car_Crash_splat_frames_10_170.png,16.55097548979346
Office_Car_Crash,Office Car Crash,frames,10,171,Office_Car_Crash_splat_frames_10_171.png,16.890224952202054
Office_Car_Crash,Office Car Crash,frames,10,172,Office_Car_Crash_splat_frames_10_172.png,16.636038555214025
Office_Car_Crash,Office Car Crash,frames,10,173,Office_Car_Crash_splat_frames_10_173.png,16.73825842737272
Office_Car_Crash,Office Car Crash,frames,10,174,Office_Car_Crash_splat_frames_10_174.png,17.01309030860665
Office_Car_Crash,Office Car Crash,frames,10,175,Office_Car_Crash_splat_frames_10_175.png,16.94670545551156
Office_Car_Crash,Office Car Crash,frames,10,176,Office_Car_Crash_splat_frames_10_176.png,16.90274482471662
Office_Car_Crash,Office Car Crash,frames,10,177,Office_Car_Crash_splat_frames_10_177.png,16.58983009958836
Office_Car_Crash,Office Car Crash,frames,10,178,Office_Car_Crash_splat_frames_10_178.png,16.35656907938674
Office_Car_Crash,Office Car Crash,frames,10,179,Office_Car_Crash_splat_frames_10_179.png,15.739595210278667
Office_Car_Crash,Office Car Crash,frames,10,180,Office_Car_Crash_splat_frames_10_180.png,17.142867153452478
Office_Car_Crash,Office Car Crash,frames,10,181,Office_Car_Crash_splat_frames_10_181.png,16.14100552421385
Office_Car_Crash,Office Car Crash,frames,10,182,Office_Car_Crash_splat_frames_10_182.png,16.929825027461327
Office_Car_Crash,Office Car Crash,frames,10,183,Office_Car_Crash_splat_frames_10_183.png,16.054018589990196
Office_Car_Crash,Office Car Crash,frames,10,184,Office_Car_Crash_splat_frames_10_184.png,16.51235163027052
Office_Car_Crash,Office Car Crash,frames,10,185,Office_Car_Crash_splat_frames_10_185.png,16.709194987898176
Office_Car_Crash,Office Car Crash,frames,10,186,Office_Car_Crash_splat_frames_10_186.png,16.578595892022502
Office_Car_Crash,Office Car Crash,frames,10,187,Office_Car_Crash_splat_frames_10_187.png,16.062483431533256
Office_Car_Crash,Office Car Crash,frames,10,188,Office_Car_Crash_splat_frames_10_188.png,16.265006544205107
Office_Car_Crash,Office Car Crash,frames,10,189,Office_Car_Crash_splat_frames_10_189.png,15.93078910991754
Office_Car_Crash,Office Car Crash,frames,10,190,Office_Car_Crash_splat_frames_10_190.png,17.01418714017912
Office_Car_Crash,Office Car Crash,frames,10,191,Office_Car_Crash_splat_frames_10_191.png,16.64738087123952
Office_Car_Crash,Office Car Crash,frames,100,0,Office_Car_Crash_splat_frames_100_000.png,21.48863865370183
Office_Car_Crash,Office Car Crash,frames,100,1,Office_Car_Crash_splat_frames_100_001.png,20.88978981316865
Office_Car_Crash,Office Car Crash,frames,100,2,Office_Car_Crash_splat_frames_100_002.png,21.136409257469243
Office_Car_Crash,Office Car Crash,frames,100,3,Office_Car_Crash_splat_frames_100_003.png,21.017426197366987
Office_Car_Crash,Office Car Crash,frames,100,4,Office_Car_Crash_splat_frames_100_004.png,20.822770200727817
Office_Car_Crash,Office Car Crash,frames,100,5,Office_Car_Crash_splat_frames_100_005.png,21.004083307255815
Office_Car_Crash,Office Car Crash,frames,100,6,Office_Car_Crash_splat_frames_100_006.png,21.189623271964383
Office_Car_Crash,Office Car Crash,frames,100,7,Office_Car_Crash_splat_frames_100_007.png,20.926621622647982
Office_Car_Crash,Office Car Crash,frames,100,8,Office_Car_Crash_splat_frames_100_008.png,20.601333662410628
Office_Car_Crash,Office Car Crash,frames,100,9,Office_Car_Crash_splat_frames_100_009.png,20.647877340569188
Office_Car_Crash,Office Car Crash,frames,100,10,Office_Car_Crash_splat_frames_100_010.png,21.321613222067278
Office_Car_Crash,Office Car Crash,frames,100,11,Office_Car_Crash_splat_frames_100_011.png,20.890085207607534
Office_Car_Crash,Office Car Crash,frames,100,12,Office_Car_Crash_splat_frames_100_012.png,20.76313358570815
Office_Car_Crash,Office Car Crash,frames,100,13,Office_Car_Crash_splat_frames_100_013.png,20.538167888871786
Office_Car_Crash,Office Car Crash,frames,100,14,Office_Car_Crash_splat_frames_100_014.png,20.147087217231395
Office_Car_Crash,Office Car Crash,frames,100,15,Office_Car_Crash_splat_frames_100_015.png,20.97297891467057
Office_Car_Crash,Office Car Crash,frames,100,16,Office_Car_Crash_splat_frames_100_016.png,22.4671069326482
Office_Car_Crash,Office Car Crash,frames,100,17,Office_Car_Crash_splat_frames_100_017.png,22.710382939093687
Office_Car_Crash,Office Car Crash,frames,100,18,Office_Car_Crash_splat_frames_100_018.png,22.85950221868331
Office_Car_Crash,Office Car Crash,frames,100,19,Office_Car_Crash_splat_frames_100_019.png,22.338382108498614
Office_Car_Crash,Office Car Crash,frames,100,20,Office_Car_Crash_splat_frames_100_020.png,22.36298452187716
Office_Car_Crash,Office Car Crash,frames,100,21,Office_Car_Crash_splat_frames_100_021.png,21.966740474187226
Office_Car_Crash,Office Car Crash,frames,100,22,Office_Car_Crash_splat_frames_100_022.png,21.03272987018544
Office_Car_Crash,Office Car Crash,frames,100,23,Office_Car_Crash_splat_frames_100_023.png,21.740415818276002
Office_Car_Crash,Office Car Crash,frames,100,24,Office_Car_Crash_splat_frames_100_024.png,21.402542631492402
Office_Car_Crash,Office Car Crash,frames,100,25,Office_Car_Crash_splat_frames_100_025.png,23.529948068878056
Office_Car_Crash,Office Car Crash,frames,100,26,Office_Car_Crash_splat_frames_100_026.png,22.803694228564595
Office_Car_Crash,Office Car Crash,frames,100,27,Office_Car_Crash_splat_frames_100_027.png,23.02194708192814
Office_Car_Crash,Office Car Crash,frames,100,28,Office_Car_Crash_splat_frames_100_028.png,21.31095300327949
Office_Car_Crash,Office Car Crash,frames,100,29,Office_Car_Crash_splat_frames_100_029.png,21.14274056772238
Office_Car_Crash,Office Car Crash,frames,100,30,Office_Car_Crash_splat_frames_100_030.png,20.606029285131036
Office_Car_Crash,Office Car Crash,frames,100,31,Office_Car_Crash_splat_frames_100_031.png,20.605949990221866
Office_Car_Crash,Office Car Crash,frames,100,32,Office_Car_Crash_splat_frames_100_032.png,20.69884181528031
Office_Car_Crash,Office Car Crash,frames,100,33,Office_Car_Crash_splat_frames_100_033.png,20.72798946401675
Office_Car_Crash,Office Car Crash,frames,100,34,Office_Car_Crash_splat_frames_100_034.png,20.19230399760046
Office_Car_Crash,Office Car Crash,frames,100,35,Office_Car_Crash_splat_frames_100_035.png,19.662341899235006
Office_Car_Crash,Office Car Crash,frames,100,36,Office_Car_Crash_splat_frames_100_036.png,19.77178258872066
Office_Car_Crash,Office Car Crash,frames,100,37,Office_Car_Crash_splat_frames_100_037.png,20.219315947465052
Office_Car_Crash,Office Car Crash,frames,100,38,Office_Car_Crash_splat_frames_100_038.png,19.723764635598997
Office_Car_Crash,Office Car Crash,frames,100,39,Office_Car_Crash_splat_frames_100_039.png,19.19702561006169
Office_Car_Crash,Office Car Crash,frames,100,40,Office_Car_Crash_splat_frames_100_040.png,19.44899364033596
Office_Car_Crash,Office Car Crash,frames,100,41,Office_Car_Crash_splat_frames_100_041.png,19.11974035122071
Office_Car_Crash,Office Car Crash,frames,100,42,Office_Car_Crash_splat_frames_100_042.png,19.531322010951488
Office_Car_Crash,Office Car Crash,frames,100,43,Office_Car_Crash_splat_frames_100_043.png,19.818495491402317
Office_Car_Crash,Office Car Crash,frames,100,44,Office_Car_Crash_splat_frames_100_044.png,19.387325326396862
Office_Car_Crash,Office Car Crash,frames,100,45,Office_Car_Crash_splat_frames_100_045.png,19.137134556965496
Office_Car_Crash,Office Car Crash,frames,100,46,Office_Car_Crash_splat_frames_100_046.png,18.633062652278824
Office_Car_Crash,Office Car Crash,frames,100,47,Office_Car_Crash_splat_frames_100_047.png,19.594734421229195
Office_Car_Crash,Office Car Crash,frames,100,48,Office_Car_Crash_splat_frames_100_048.png,19.473239770472816
Office_Car_Crash,Office Car Crash,frames,100,49,Office_Car_Crash_splat_frames_100_049.png,19.500046383537207
Office_Car_Crash,Office Car Crash,frames,100,50,Office_Car_Crash_splat_frames_100_050.png,20.241133694606724
Office_Car_Crash,Office Car Crash,frames,100,51,Office_Car_Crash_splat_frames_100_051.png,20.709187391806893
Office_Car_Crash,Office Car Crash,frames,100,52,Office_Car_Crash_splat_frames_100_052.png,20.943234621445544
Office_Car_Crash,Office Car Crash,frames,100,53,Office_Car_Crash_splat_frames_100_053.png,20.47842716439419
Office_Car_Crash,Office Car Crash,frames,100,54,Office_Car_Crash_splat_frames_100_054.png,20.52598881045164
Office_Car_Crash,Office Car Crash,frames,100,55,Office_Car_Crash_splat_frames_100_055.png,20.333300785782082
Office_Car_Crash,Office Car Crash,frames,100,56,Office_Car_Crash_splat_frames_100_056.png,20.009005521069234
Office_Car_Crash,Office Car Crash,frames,100,57,Office_Car_Crash_splat_frames_100_057.png,19.85891013110981
Office_Car_Crash,Office Car Crash,frames,100,58,Office_Car_Crash_splat_frames_100_058.png,19.633046252459653
Office_Car_Crash,Office Car Crash,frames,100,59,Office_Car_Crash_splat_frames_100_059.png,19.49011087791245
Office_Car_Crash,Office Car Crash,frames,100,60,Office_Car_Crash_splat_frames_100_060.png,19.749904470417963
Office_Car_Crash,Office Car Crash,frames,100,61,Office_Car_Crash_splat_frames_100_061.png,19.123699162219424
Office_Car_Crash,Office Car Crash,frames,100,62,Office_Car_Crash_splat_frames_100_062.png,19.20492294243718
Office_Car_Crash,Office Car Crash,frames,100,63,Office_Car_Crash_splat_frames_100_063.png,18.496925970333727
Office_Car_Crash,Office Car Crash,frames,100,64,Office_Car_Crash_splat_frames_100_064.png,18.481455436394345
Office_Car_Crash,Office Car Crash,frames,100,65,Office_Car_Crash_splat_frames_100_065.png,18.33394505393365
Office_Car_Crash,Office Car Crash,frames,100,66,Office_Car_Crash_splat_frames_100_066.png,18.36171167748443
Office_Car_Crash,Office Car Crash,frames,100,67,Office_Car_Crash_splat_frames_100_067.png,19.212930436366378
Office_Car_Crash,Office Car Crash,frames,100,68,Office_Car_Crash_splat_frames_100_068.png,19.637449329447417
Office_Car_Crash,Office Car Crash,frames,100,69,Office_Car_Crash_splat_frames_100_069.png,19.586113270928116
Office_Car_Crash,Office Car Crash,frames,100,70,Office_Car_Crash_splat_frames_100_070.png,19.461839363768817
Office_Car_Crash,Office Car Crash,frames,100,71,Office_Car_Crash_splat_frames_100_071.png,19.831720303633645
Office_Car_Crash,Office Car Crash,frames,100,72,Office_Car_Crash_splat_frames_100_072.png,19.928674532370387
Office_Car_Crash,Office Car Crash,frames,100,73,Office_Car_Crash_splat_frames_100_073.png,19.73025519019576
Office_Car_Crash,Office Car Crash,frames,100,74,Office_Car_Crash_splat_frames_100_074.png,20.687220034681054
Office_Car_Crash,Office Car Crash,frames,100,75,Office_Car_Crash_splat_frames_100_075.png,20.280487452556674
Office_Car_Crash,Office Car Crash,frames,100,76,Office_Car_Crash_splat_frames_100_076.png,19.949618880908425
Office_Car_Crash,Office Car Crash,frames,100,77,Office_Car_Crash_splat_frames_100_077.png,19.703479348326866
Office_Car_Crash,Office Car Crash,frames,100,78,Office_Car_Crash_splat_frames_100_078.png,19.880993840930007
Office_Car_Crash,Office Car Crash,frames,100,79,Office_Car_Crash_splat_frames_100_079.png,19.70445844769128
Office_Car_Crash,Office Car Crash,frames,100,80,Office_Car_Crash_splat_frames_100_080.png,20.16755306682728
Office_Car_Crash,Office Car Crash,frames,100,81,Office_Car_Crash_splat_frames_100_081.png,21.29318334386001
Office_Car_Crash,Office Car Crash,frames,100,82,Office_Car_Crash_splat_frames_100_082.png,21.04491400864713
Office_Car_Crash,Office Car Crash,frames,100,83,Office_Car_Crash_splat_frames_100_083.png,19.531301192778027
Office_Car_Crash,Office Car Crash,frames,100,84,Office_Car_Crash_splat_frames_100_084.png,20.769036963703304
Office_Car_Crash,Office Car Crash,frames,100,85,Office_Car_Crash_splat_frames_100_085.png,20.381574014496103
Office_Car_Crash,Office Car Crash,frames,100,86,Office_Car_Crash_splat_frames_100_086.png,18.426520554305487
Office_Car_Crash,Office Car Crash,frames,100,87,Office_Car_Crash_splat_frames_100_087.png,18.577327877903688
Office_Car_Crash,Office Car Crash,frames,100,88,Office_Car_Crash_splat_frames_100_088.png,19.100911179486353
Office_Car_Crash,Office Car Crash,frames,100,89,Office_Car_Crash_splat_frames_100_089.png,19.436072403621928
Office_Car_Crash,Office Car Crash,frames,100,90,Office_Car_Crash_splat_frames_100_090.png,19.8557650382556
Office_Car_Crash,Office Car Crash,frames,100,91,Office_Car_Crash_splat_frames_100_091.png,19.725501989183975
Office_Car_Crash,Office Car Crash,frames,100,92,Office_Car_Crash_splat_frames_100_092.png,20.324563107573944
Office_Car_Crash,Office Car Crash,frames,100,93,Office_Car_Crash_splat_frames_100_093.png,20.074610145109204
Office_Car_Crash,Office Car Crash,frames,100,94,Office_Car_Crash_splat_frames_100_094.png,20.36952325193802
Office_Car_Crash,Office Car Crash,frames,100,95,Office_Car_Crash_splat_frames_100_095.png,20.166210612533618
Office_Car_Crash,Office Car Crash,frames,100,96,Office_Car_Crash_splat_frames_100_096.png,20.02525219486585
Office_Car_Crash,Office Car Crash,frames,100,97,Office_Car_Crash_splat_frames_100_097.png,19.628587369108573
Office_Car_Crash,Office Car Crash,frames,100,98,Office_Car_Crash_splat_frames_100_098.png,19.21004608173392
Office_Car_Crash,Office Car Crash,frames,100,99,Office_Car_Crash_splat_frames_100_099.png,19.641000261739286
Office_Car_Crash,Office Car Crash,frames,100,100,Office_Car_Crash_splat_frames_100_100.png,19.67520762548635
Office_Car_Crash,Office Car Crash,frames,100,101,Office_Car_Crash_splat_frames_100_101.png,19.28462905338467
Office_Car_Crash,Office Car Crash,frames,100,102,Office_Car_Crash_splat_frames_100_102.png,19.100494202936723
Office_Car_Crash,Office Car Crash,frames,100,103,Office_Car_Crash_splat_frames_100_103.png,18.930711826550258
Office_Car_Crash,Office Car Crash,frames,100,104,Office_Car_Crash_splat_frames_100_104.png,20.271618368069785
Office_Car_Crash,Office Car Crash,frames,100,105,Office_Car_Crash_splat_frames_100_105.png,20.942542040128448
Office_Car_Crash,Office Car Crash,frames,100,106,Office_Car_Crash_splat_frames_100_106.png,21.23334660375736
Office_Car_Crash,Office Car Crash,frames,100,107,Office_Car_Crash_splat_frames_100_107.png,20.807155745245673
Office_Car_Crash,Office Car Crash,frames,100,108,Office_Car_Crash_splat_frames_100_108.png,21.478777647037838
Office_Car_Crash,Office Car Crash,frames,100,109,Office_Car_Crash_splat_frames_100_109.png,20.1829499166336
Office_Car_Crash,Office Car Crash,frames,100,110,Office_Car_Crash_splat_frames_100_110.png,20.34048713271591
Office_Car_Crash,Office Car Crash,frames,100,111,Office_Car_Crash_splat_frames_100_111.png,19.50915441546441
Office_Car_Crash,Office Car Crash,frames,100,112,Office_Car_Crash_splat_frames_100_112.png,19.671008085809202
Office_Car_Crash,Office Car Crash,frames,100,113,Office_Car_Crash_splat_frames_100_113.png,20.23807504327487
Office_Car_Crash,Office Car Crash,frames,100,114,Office_Car_Crash_splat_frames_100_114.png,20.523630300621956
Office_Car_Crash,Office Car Crash,frames,100,115,Office_Car_Crash_splat_frames_100_115.png,19.39393593479896
Office_Car_Crash,Office Car Crash,frames,100,116,Office_Car_Crash_splat_frames_100_116.png,19.696609749963166
Office_Car_Crash,Office Car Crash,frames,100,117,Office_Car_Crash_splat_frames_100_117.png,19.846832622758107
Office_Car_Crash,Office Car Crash,frames,100,118,Office_Car_Crash_splat_frames_100_118.png,18.91280515779012
Office_Car_Crash,Office Car Crash,frames,100,119,Office_Car_Crash_splat_frames_100_119.png,18.7881390643023
Office_Car_Crash,Office Car Crash,frames,100,120,Office_Car_Crash_splat_frames_100_120.png,19.144378077891968
Office_Car_Crash,Office Car Crash,frames,100,121,Office_Car_Crash_splat_frames_100_121.png,19.847750292725237
Office_Car_Crash,Office Car Crash,frames,100,122,Office_Car_Crash_splat_frames_100_122.png,19.691776255683784
Office_Car_Crash,Office Car Crash,frames,100,123,Office_Car_Crash_splat_frames_100_123.png,19.462216270341052
Office_Car_Crash,Office Car Crash,frames,100,124,Office_Car_Crash_splat_frames_100_124.png,19.012450333550525
Office_Car_Crash,Office Car Crash,frames,100,125,Office_Car_Crash_splat_frames_100_125.png,18.368272198895724
Office_Car_Crash,Office Car Crash,frames,100,126,Office_Car_Crash_splat_frames_100_126.png,18.857954114554026
Office_Car_Crash,Office Car Crash,frames,100,127,Office_Car_Crash_splat_frames_100_127.png,19.001654898758417
Office_Car_Crash,Office Car Crash,frames,100,128,Office_Car_Crash_splat_frames_100_128.png,18.796218170273317
Office_Car_Crash,Office Car Crash,frames,100,129,Office_Car_Crash_splat_frames_100_129.png,18.486999826989027
Office_Car_Crash,Office Car Crash,frames,100,130,Office_Car_Crash_splat_frames_100_130.png,18.875582071691078
Office_Car_Crash,Office Car Crash,frames,100,131,Office_Car_Crash_splat_frames_100_131.png,18.70581091747374
Office_Car_Crash,Office Car Crash,frames,100,132,Office_Car_Crash_splat_frames_100_132.png,19.962603913351128
Office_Car_Crash,Office Car Crash,frames,100,133,Office_Car_Crash_splat_frames_100_133.png,20.704065605102574
Office_Car_Crash,Office Car Crash,frames,100,134,Office_Car_Crash_splat_frames_100_134.png,20.62940737147603
Office_Car_Crash,Office Car Crash,frames,100,135,Office_Car_Crash_splat_frames_100_135.png,20.022118555859755
Office_Car_Crash,Office Car Crash,frames,100,136,Office_Car_Crash_splat_frames_100_136.png,19.53544820146209
Office_Car_Crash,Office Car Crash,frames,100,137,Office_Car_Crash_splat_frames_100_137.png,19.49144482828629
Office_Car_Crash,Office Car Crash,frames,100,138,Office_Car_Crash_splat_frames_100_138.png,19.347993580790508
Office_Car_Crash,Office Car Crash,frames,100,139,Office_Car_Crash_splat_frames_100_139.png,18.86064598155579
Office_Car_Crash,Office Car Crash,frames,100,140,Office_Car_Crash_splat_frames_100_140.png,19.48669236610947
Office_Car_Crash,Office Car Crash,frames,100,141,Office_Car_Crash_splat_frames_100_141.png,19.300909979293934
Office_Car_Crash,Office Car Crash,frames,100,142,Office_Car_Crash_splat_frames_100_142.png,19.158288279981672
Office_Car_Crash,Office Car Crash,frames,100,143,Office_Car_Crash_splat_frames_100_143.png,18.727356214483013
Office_Car_Crash,Office Car Crash,frames,100,144,Office_Car_Crash_splat_frames_100_144.png,18.60671829956749
Office_Car_Crash,Office Car Crash,frames,100,145,Office_Car_Crash_splat_frames_100_145.png,18.471909377474358
Office_Car_Crash,Office Car Crash,frames,100,146,Office_Car_Crash_splat_frames_100_146.png,18.841168127957495
Office_Car_Crash,Office Car Crash,frames,100,147,Office_Car_Crash_splat_frames_100_147.png,19.695894298609648
Office_Car_Crash,Office Car Crash,frames,100,148,Office_Car_Crash_splat_frames_100_148.png,20.790688587865702
Office_Car_Crash,Office Car Crash,frames,100,149,Office_Car_Crash_splat_frames_100_149.png,20.55808002037677
Office_Car_Crash,Office Car Crash,frames,100,150,Office_Car_Crash_splat_frames_100_150.png,20.547605554435773
Office_Car_Crash,Office Car Crash,frames,100,151,Office_Car_Crash_splat_frames_100_151.png,19.81703551156263
Office_Car_Crash,Office Car Crash,frames,100,152,Office_Car_Crash_splat_frames_100_152.png,19.886393276189793
Office_Car_Crash,Office Car Crash,frames,100,153,Office_Car_Crash_splat_frames_100_153.png,19.065589631027468
Office_Car_Crash,Office Car Crash,frames,100,154,Office_Car_Crash_splat_frames_100_154.png,20.13227683977525
Office_Car_Crash,Office Car Crash,frames,100,155,Office_Car_Crash_splat_frames_100_155.png,21.01701133727119
Office_Car_Crash,Office Car Crash,frames,100,156,Office_Car_Crash_splat_frames_100_156.png,19.517544766235392
Office_Car_Crash,Office Car Crash,frames,100,157,Office_Car_Crash_splat_frames_100_157.png,20.359441416987902
Office_Car_Crash,Office Car Crash,frames,100,158,Office_Car_Crash_splat_frames_100_158.png,19.882744116414564
Office_Car_Crash,Office Car Crash,frames,100,159,Office_Car_Crash_splat_frames_100_159.png,19.554680905662735
Office_Car_Crash,Office Car Crash,frames,100,160,Office_Car_Crash_splat_frames_100_160.png,19.799966448903238
Office_Car_Crash,Office Car Crash,frames,100,161,Office_Car_Crash_splat_frames_100_161.png,20.16245255483601
Office_Car_Crash,Office Car Crash,frames,100,162,Office_Car_Crash_splat_frames_100_162.png,19.197804445182893
Office_Car_Crash,Office Car Crash,frames,100,163,Office_Car_Crash_splat_frames_100_163.png,19.767754168873065
Office_Car_Crash,Office Car Crash,frames,100,164,Office_Car_Crash_splat_frames_100_164.png,19.89712840024496
Office_Car_Crash,Office Car Crash,frames,100,165,Office_Car_Crash_splat_frames_100_165.png,19.511585708688244
Office_Car_Crash,Office Car Crash,frames,100,166,Office_Car_Crash_splat_frames_100_166.png,19.259079291830645
Office_Car_Crash,Office Car Crash,frames,100,167,Office_Car_Crash_splat_frames_100_167.png,19.746858102747417
Office_Car_Crash,Office Car Crash,frames,100,168,Office_Car_Crash_splat_frames_100_168.png,19.477758128137594
Office_Car_Crash,Office Car Crash,frames,100,169,Office_Car_Crash_splat_frames_100_169.png,20.178552318654376
Office_Car_Crash,Office Car Crash,frames,100,170,Office_Car_Crash_splat_frames_100_170.png,19.609331477665243
Office_Car_Crash,Office Car Crash,frames,100,171,Office_Car_Crash_splat_frames_100_171.png,19.467080199618366
Office_Car_Crash,Office Car Crash,frames,100,172,Office_Car_Crash_splat_frames_100_172.png,19.182106290845
Office_Car_Crash,Office Car Crash,frames,100,173,Office_Car_Crash_splat_frames_100_173.png,19.28344853192279
Office_Car_Crash,Office Car Crash,frames,100,174,Office_Car_Crash_splat_frames_100_174.png,19.644168766803784
Office_Car_Crash,Office Car Crash,frames,100,175,Office_Car_Crash_splat_frames_100_175.png,19.672900159873613
Office_Car_Crash,Office Car Crash,frames,100,176,Office_Car_Crash_splat_frames_100_176.png,19.665997859974567
Office_Car_Crash,Office Car Crash,frames,100,177,Office_Car_Crash_splat_frames_100_177.png,19.41304066094726
Office_Car_Crash,Office Car Crash,frames,100,178,Office_Car_Crash_splat_frames_100_178.png,19.80627763798613
Office_Car_Crash,Office Car Crash,frames,100,179,Office_Car_Crash_splat_frames_100_179.png,19.18595735490309
Office_Car_Crash,Office Car Crash,frames,100,180,Office_Car_Crash_splat_frames_100_180.png,19.520058790107996
Office_Car_Crash,Office Car Crash,frames,100,181,Office_Car_Crash_splat_frames_100_181.png,18.981032103400402
Office_Car_Crash,Office Car Crash,frames,100,182,Office_Car_Crash_splat_frames_100_182.png,20.230012826048693
Office_Car_Crash,Office Car Crash,frames,100,183,Office_Car_Crash_splat_frames_100_183.png,18.70614383213428
Office_Car_Crash,Office Car Crash,frames,100,184,Office_Car_Crash_splat_frames_100_184.png,19.096092885926858
Office_Car_Crash,Office Car Crash,frames,100,185,Office_Car_Crash_splat_frames_100_185.png,19.372370990236575
Office_Car_Crash,Office Car Crash,frames,100,186,Office_Car_Crash_splat_frames_100_186.png,19.971873962900826
Office_Car_Crash,Office Car Crash,frames,100,187,Office_Car_Crash_splat_frames_100_187.png,18.847737319295234
Office_Car_Crash,Office Car Crash,frames,100,188,Office_Car_Crash_splat_frames_100_188.png,18.797419308084564
Office_Car_Crash,Office Car Crash,frames,100,189,Office_Car_Crash_splat_frames_100_189.png,18.46401941936891
Office_Car_Crash,Office Car Crash,frames,100,190,Office_Car_Crash_splat_frames_100_190.png,18.852096543505322
Office_Car_Crash,Office Car Crash,frames,100,191,Office_Car_Crash_splat_frames_100_191.png,19.048392624610486
Office_Car_Crash,Office Car Crash,residuals,10,0,Office_Car_Crash_splat_residuals_10_000.png,7.740815977392255
Office_Car_Crash,Office Car Crash,residuals,10,1,Office_Car_Crash_splat_residuals_10_001.png,7.575455512891558
Office_Car_Crash,Office Car Crash,residuals,10,2,Office_Car_Crash_splat_residuals_10_002.png,7.586591537526006
Office_Car_Crash,Office Car Crash,residuals,10,3,Office_Car_Crash_splat_residuals_10_003.png,7.7233026811912335
Office_Car_Crash,Office Car Crash,residuals,10,4,Office_Car_Crash_splat_residuals_10_004.png,7.762117718768245
Office_Car_Crash,Office Car Crash,residuals,10,5,Office_Car_Crash_splat_residuals_10_005.png,8.002726994518628
Office_Car_Crash,Office Car Crash,residuals,10,6,Office_Car_Crash_splat_residuals_10_006.png,8.134461320446173
Office_Car_Crash,Office Car Crash,residuals,10,7,Office_Car_Crash_splat_residuals_10_007.png,8.311474312922012
Office_Car_Crash,Office Car Crash,residuals,10,8,Office_Car_Crash_splat_residuals_10_008.png,8.429347162826202
Office_Car_Crash,Office Car Crash,residuals,10,9,Office_Car_Crash_splat_residuals_10_009.png,8.496773563356768
Office_Car_Crash,Office Car Crash,residuals,10,10,Office_Car_Crash_splat_residuals_10_010.png,8.700166130756331
Office_Car_Crash,Office Car Crash,residuals,10,11,Office_Car_Crash_splat_residuals_10_011.png,8.60303785896982
Office_Car_Crash,Office Car Crash,residuals,10,12,Office_Car_Crash_splat_residuals_10_012.png,8.592560881545149
Office_Car_Crash,Office Car Crash,residuals,10,13,Office_Car_Crash_splat_residuals_10_013.png,8.689560313222383
Office_Car_Crash,Office Car Crash,residuals,10,14,Office_Car_Crash_splat_residuals_10_014.png,8.725735994155253
Office_Car_Crash,Office Car Crash,residuals,10,15,Office_Car_Crash_splat_residuals_10_015.png,8.87009817810198
Office_Car_Crash,Office Car Crash,residuals,10,16,Office_Car_Crash_splat_residuals_10_016.png,8.89867612664905
Office_Car_Crash,Office Car Crash,residuals,10,17,Office_Car_Crash_splat_residuals_10_017.png,8.705461375578832
Office_Car_Crash,Office Car Crash,residuals,10,18,Office_Car_Crash_splat_residuals_10_018.png,8.594500412459535
Office_Car_Crash,Office Car Crash,residuals,10,19,Office_Car_Crash_splat_residuals_10_019.png,8.881805637309299
Office_Car_Crash,Office Car Crash,residuals,10,20,Office_Car_Crash_splat_residuals_10_020.png,8.85504618951444
Office_Car_Crash,Office Car Crash,residuals,10,21,Office_Car_Crash_splat_residuals_10_021.png,9.027311857755627
Office_Car_Crash,Office Car Crash,residuals,10,22,Office_Car_Crash_splat_residuals_10_022.png,8.523493977157463
Office_Car_Crash,Office Car Crash,residuals,10,23,Office_Car_Crash_splat_residuals_10_023.png,8.529473581358292
Office_Car_Crash,Office Car Crash,residuals,10,24,Office_Car_Crash_splat_residuals_10_024.png,8.673777078632272
Office_Car_Crash,Office Car Crash,residuals,10,25,Office_Car_Crash_splat_residuals_10_025.png,9.362796230233808
Office_Car_Crash,Office Car Crash,residuals,10,26,Office_Car_Crash_splat_residuals_10_026.png,9.412351844916966
Office_Car_Crash,Office Car Crash,residuals,10,27,Office_Car_Crash_splat_residuals_10_027.png,9.490647029881286
Office_Car_Crash,Office Car Crash,residuals,10,28,Office_Car_Crash_splat_residuals_10_028.png,9.341958898253992
Office_Car_Crash,Office Car Crash,residuals,10,29,Office_Car_Crash_splat_residuals_10_029.png,9.52547225291777
Office_Car_Crash,Office Car Crash,residuals,10,30,Office_Car_Crash_splat_residuals_10_030.png,9.269559867457943
Office_Car_Crash,Office Car Crash,residuals,10,31,Office_Car_Crash_splat_residuals_10_031.png,9.098860917309285
Office_Car_Crash,Office Car Crash,residuals,10,32,Office_Car_Crash_splat_residuals_10_032.png,8.987670025964404
Office_Car_Crash,Office Car Crash,residuals,10,33,Office_Car_Crash_splat_residuals_10_033.png,9.14518998682605
Office_Car_Crash,Office Car Crash,residuals,10,34,Office_Car_Crash_splat_residuals_10_034.png,9.102781806745027
Office_Car_Crash,Office Car Crash,residuals,10,35,Office_Car_Crash_splat_residuals_10_035.png,9.038140365426306
Office_Car_Crash,Office Car Crash,residuals,10,36,Office_Car_Crash_splat_residuals_10_036.png,9.017998954488233
Office_Car_Crash,Office Car Crash,residuals,10,37,Office_Car_Crash_splat_residuals_10_037.png,8.98643630280263
Office_Car_Crash,Office Car Crash,residuals,10,38,Office_Car_Crash_splat_residuals_10_038.png,9.001452848698928
Office_Car_Crash,Office Car Crash,residuals,10,39,Office_Car_Crash_splat_residuals_10_039.png,9.10145532707526
Office_Car_Crash,Office Car Crash,residuals,10,40,Office_Car_Crash_splat_residuals_10_040.png,9.065211390550228
Office_Car_Crash,Office Car Crash,residuals,10,41,Office_Car_Crash_splat_residuals_10_041.png,9.392637288552168
Office_Car_Crash,Office Car Crash,residuals,10,42,Office_Car_Crash_splat_residuals_10_042.png,9.238352102973687
Office_Car_Crash,Office Car Crash,residuals,10,43,Office_Car_Crash_splat_residuals_10_043.png,9.15970341775617
Office_Car_Crash,Office Car Crash,residuals,10,44,Office_Car_Crash_splat_residuals_10_044.png,9.189834919580612
Office_Car_Crash,Office Car Crash,residuals,10,45,Office_Car_Crash_splat_residuals_10_045.png,9.494040824994597
Office_Car_Crash,Office Car Crash,residuals,10,46,Office_Car_Crash_splat_residuals_10_046.png,9.027422662006261
Office_Car_Crash,Office Car Crash,residuals,10,47,Office_Car_Crash_splat_residuals_10_047.png,9.215192722878196
Office_Car_Crash,Office Car Crash,residuals,10,48,Office_Car_Crash_splat_residuals_10_048.png,9.406777634206868
Office_Car_Crash,Office Car Crash,residuals,10,49,Office_Car_Crash_splat_residuals_10_049.png,10.37509234648141
Office_Car_Crash,Office Car Crash,residuals,10,50,Office_Car_Crash_splat_residuals_10_050.png,10.477307502439162
Office_Car_Crash,Office Car Crash,residuals,10,51,Office_Car_Crash_splat_residuals_10_051.png,10.651676096255613
Office_Car_Crash,Office Car Crash,residuals,10,52,Office_Car_Crash_splat_residuals_10_052.png,10.815193594921478
Office_Car_Crash,Office Car Crash,residuals,10,53,Office_Car_Crash_splat_residuals_10_053.png,10.342312099146529
Office_Car_Crash,Office Car Crash,residuals,10,54,Office_Car_Crash_splat_residuals_10_054.png,10.102783961271019
Office_Car_Crash,Office Car Crash,residuals,10,55,Office_Car_Crash_splat_residuals_10_055.png,10.590293072389352
Office_Car_Crash,Office Car Crash,residuals,10,56,Office_Car_Crash_splat_residuals_10_056.png,10.406759960656569
Office_Car_Crash,Office Car Crash,residuals,10,57,Office_Car_Crash_splat_residuals_10_057.png,10.742446308598797
Office_Car_Crash,Office Car Crash,residuals,10,58,Office_Car_Crash_splat_residuals_10_058.png,10.538692837288952
Office_Car_Crash,Office Car Crash,residuals,10,59,Office_Car_Crash_splat_residuals_10_059.png,10.785679958116972
Office_Car_Crash,Office Car Crash,residuals,10,60,Office_Car_Crash_splat_residuals_10_060.png,10.704475060483706
Office_Car_Crash,Office Car Crash,residuals,10,61,Office_Car_Crash_splat_residuals_10_061.png,10.500581262399018
Office_Car_Crash,Office Car Crash,residuals,10,62,Office_Car_Crash_splat_residuals_10_062.png,10.456099186490972
Office_Car_Crash,Office Car Crash,residuals,10,63,Office_Car_Crash_splat_residuals_10_063.png,10.830084567467125
Office_Car_Crash,Office Car Crash,residuals,10,64,Office_Car_Crash_splat_residuals_10_064.png,10.94005496307127
Office_Car_Crash,Office Car Crash,residuals,10,65,Office_Car_Crash_splat_residuals_10_065.png,11.011159751460177
Office_Car_Crash,Office Car Crash,residuals,10,66,Office_Car_Crash_splat_residuals_10_066.png,10.430898618472941
Office_Car_Crash,Office Car Crash,residuals,10,67,Office_Car_Crash_splat_residuals_10_067.png,10.523097285036236
Office_Car_Crash,Office Car Crash,residuals,10,68,Office_Car_Crash_splat_residuals_10_068.png,11.159134137450014
Office_Car_Crash,Office Car Crash,residuals,10,69,Office_Car_Crash_splat_residuals_10_069.png,10.569763447682131
Office_Car_Crash,Office Car Crash,residuals,10,70,Office_Car_Crash_splat_residuals_10_070.png,10.748889267472059
Office_Car_Crash,Office Car Crash,residuals,10,71,Office_Car_Crash_splat_residuals_10_071.png,10.019046213882872
Office_Car_Crash,Office Car Crash,residuals,10,72,Office_Car_Crash_splat_residuals_10_072.png,9.601523614307562
Office_Car_Crash,Office Car Crash,residuals,10,73,Office_Car_Crash_splat_residuals_10_073.png,9.241885277190834
Office_Car_Crash,Office Car Crash,residuals,10,74,Office_Car_Crash_splat_residuals_10_074.png,8.670395463747688
Office_Car_Crash,Office Car Crash,residuals,10,75,Office_Car_Crash_splat_residuals_10_075.png,8.972631590587733
Office_Car_Crash,Office Car Crash,residuals,10,76,Office_Car_Crash_splat_residuals_10_076.png,9.092290499667504
Office_Car_Crash,Office Car Crash,residuals,10,77,Office_Car_Crash_splat_residuals_10_077.png,9.192417367719267
Office_Car_Crash,Office Car Crash,residuals,10,78,Office_Car_Crash_splat_residuals_10_078.png,9.180467976779463
Office_Car_Crash,Office Car Crash,residuals,10,79,Office_Car_Crash_splat_residuals_10_079.png,9.157375728279243
Office_Car_Crash,Office Car Crash,residuals,10,80,Office_Car_Crash_splat_residuals_10_080.png,8.933843604471264
Office_Car_Crash,Office Car Crash,residuals,10,81,Office_Car_Crash_splat_residuals_10_081.png,9.43104887372067
Office_Car_Crash,Office Car Crash,residuals,10,82,Office_Car_Crash_splat_residuals_10_082.png,11.003136771153542
Office_Car_Crash,Office Car Crash,residuals,10,83,Office_Car_Crash_splat_residuals_10_083.png,11.589487014022406
Office_Car_Crash,Office Car Crash,residuals,10,84,Office_Car_Crash_splat_residuals_10_084.png,11.422310842384654
Office_Car_Crash,Office Car Crash,residuals,10,85,Office_Car_Crash_splat_residuals_10_085.png,11.755187687270741
Office_Car_Crash,Office Car Crash,residuals,10,86,Office_Car_Crash_splat_residuals_10_086.png,10.870884628517219
Office_Car_Crash,Office Car Crash,residuals,10,87,Office_Car_Crash_splat_residuals_10_087.png,10.689387505973107
Office_Car_Crash,Office Car Crash,residuals,10,88,Office_Car_Crash_splat_residuals_10_088.png,10.812206125146
Office_Car_Crash,Office Car Crash,residuals,10,89,Office_Car_Crash_splat_residuals_10_089.png,10.330621199081973
Office_Car_Crash,Office Car Crash,residuals,10,90,Office_Car_Crash_splat_residuals_10_090.png,10.582816537984685
Office_Car_Crash,Office Car Crash,residuals,10,91,Office_Car_Crash_splat_residuals_10_091.png,9.059994581859428
Office_Car_Crash,Office Car Crash,residuals,10,92,Office_Car_Crash_splat_residuals_10_092.png,8.684793777129743
Office_Car_Crash,Office Car Crash,residuals,10,93,Office_Car_Crash_splat_residuals_10_093.png,8.157622531193848
Office_Car_Crash,Office Car Crash,residuals,10,94,Office_Car_Crash_splat_residuals_10_094.png,9.292796643814096
Office_Car_Crash,Office Car Crash,residuals,10,95,Office_Car_Crash_splat_residuals_10_095.png,9.932473047809191
Office_Car_Crash,Office Car Crash,residuals,10,96,Office_Car_Crash_splat_residuals_10_096.png,9.979253859793886
Office_Car_Crash,Office Car Crash,residuals,10,97,Office_Car_Crash_splat_residuals_10_097.png,9.82906022657112
Office_Car_Crash,Office Car Crash,residuals,10,98,Office_Car_Crash_splat_residuals_10_098.png,9.785172851895855
Office_Car_Crash,Office Car Crash,residuals,10,99,Office_Car_Crash_splat_residuals_10_099.png,9.843467595666809
Office_Car_Crash,Office Car Crash,residuals,10,100,Office_Car_Crash_splat_residuals_10_100.png,9.758518674665208
Office_Car_Crash,Office Car Crash,residuals,10,101,Office_Car_Crash_splat_residuals_10_101.png,10.017589627615193
Office_Car_Crash,Office Car Crash,residuals,10,102,Office_Car_Crash_splat_residuals_10_102.png,9.97354866091874
Office_Car_Crash,Office Car Crash,residuals,10,103,Office_Car_Crash_splat_residuals_10_103.png,9.422355987730404
Office_Car_Crash,Office Car Crash,residuals,10,104,Office_Car_Crash_splat_residuals_10_104.png,7.932590217480014
Office_Car_Crash,Office Car Crash,residuals,10,105,Office_Car_Crash_splat_residuals_10_105.png,7.419920372817481
Office_Car_Crash,Office Car Crash,residuals,10,106,Office_Car_Crash_splat_residuals_10_106.png,8.586432721669993
Office_Car_Crash,Office Car Crash,residuals,10,107,Office_Car_Crash_splat_residuals_10_107.png,8.129820081852142
Office_Car_Crash,Office Car Crash,residuals,10,108,Office_Car_Crash_splat_residuals_10_108.png,9.479235673074994
Office_Car_Crash,Office Car Crash,residuals,10,109,Office_Car_Crash_splat_residuals_10_109.png,10.114106053964644
Office_Car_Crash,Office Car Crash,residuals,10,110,Office_Car_Crash_splat_residuals_10_110.png,10.442710401695399
Office_Car_Crash,Office Car Crash,residuals,10,111,Office_Car_Crash_splat_residuals_10_111.png,10.185126387720985
Office_Car_Crash,Office Car Crash,residuals,10,112,Office_Car_Crash_splat_residuals_10_112.png,9.894406220258148
Office_Car_Crash,Office Car Crash,residuals,10,113,Office_Car_Crash_splat_residuals_10_113.png,9.486462010471788
Office_Car_Crash,Office Car Crash,residuals,10,114,Office_Car_Crash_splat_residuals_10_114.png,9.668992982738358
Office_Car_Crash,Office Car Crash,residuals,10,115,Office_Car_Crash_splat_residuals_10_115.png,9.190022958409072
Office_Car_Crash,Office Car Crash,residuals,10,116,Office_Car_Crash_splat_residuals_10_116.png,8.983831076369366
Office_Car_Crash,Office Car Crash,residuals,10,117,Office_Car_Crash_splat_residuals_10_117.png,9.46305330771996
Office_Car_Crash,Office Car Crash,residuals,10,118,Office_Car_Crash_splat_residuals_10_118.png,9.60417099518904
Office_Car_Crash,Office Car Crash,residuals,10,119,Office_Car_Crash_splat_residuals_10_119.png,9.717867342860028
Office_Car_Crash,Office Car Crash,residuals,10,120,Office_Car_Crash_splat_residuals_10_120.png,9.687496508599953
Office_Car_Crash,Office Car Crash,residuals,10,121,Office_Car_Crash_splat_residuals_10_121.png,9.457360212799893
Office_Car_Crash,Office Car Crash,residuals,10,122,Office_Car_Crash_splat_residuals_10_122.png,9.217712144942315
Office_Car_Crash,Office Car Crash,residuals,10,123,Office_Car_Crash_splat_residuals_10_123.png,9.65059129553954
Office_Car_Crash,Office Car Crash,residuals,10,124,Office_Car_Crash_splat_residuals_10_124.png,9.633578303652223
Office_Car_Crash,Office Car Crash,residuals,10,125,Office_Car_Crash_splat_residuals_10_125.png,9.450754329839283
Office_Car_Crash,Office Car Crash,residuals,10,126,Office_Car_Crash_splat_residuals_10_126.png,9.614041147234733
Office_Car_Crash,Office Car Crash,residuals,10,127,Office_Car_Crash_splat_residuals_10_127.png,9.758830901099596
Office_Car_Crash,Office Car Crash,residuals,10,128,Office_Car_Crash_splat_residuals_10_128.png,9.627837896601193
Office_Car_Crash,Office Car Crash,residuals,10,129,Office_Car_Crash_splat_residuals_10_129.png,9.826064829830205
Office_Car_Crash,Office Car Crash,residuals,10,130,Office_Car_Crash_splat_residuals_10_130.png,9.6089910927423
Office_Car_Crash,Office Car Crash,residuals,10,131,Office_Car_Crash_splat_residuals_10_131.png,9.531147054656799
Office_Car_Crash,Office Car Crash,residuals,10,132,Office_Car_Crash_splat_residuals_10_132.png,9.40803986051799
Office_Car_Crash,Office Car Crash,residuals,10,133,Office_Car_Crash_splat_residuals_10_133.png,8.91500569841537
Office_Car_Crash,Office Car Crash,residuals,10,134,Office_Car_Crash_splat_residuals_10_134.png,8.621249268355141
Office_Car_Crash,Office Car Crash,residuals,10,135,Office_Car_Crash_splat_residuals_10_135.png,8.856154765646806
Office_Car_Crash,Office Car Crash,residuals,10,136,Office_Car_Crash_splat_residuals_10_136.png,9.006943180339153
Office_Car_Crash,Office Car Crash,residuals,10,137,Office_Car_Crash_splat_residuals_10_137.png,8.551955017413764
Office_Car_Crash,Office Car Crash,residuals,10,138,Office_Car_Crash_splat_residuals_10_138.png,8.902856487387828
Office_Car_Crash,Office Car Crash,residuals,10,139,Office_Car_Crash_splat_residuals_10_139.png,8.879058820524941
Office_Car_Crash,Office Car Crash,residuals,10,140,Office_Car_Crash_splat_residuals_10_140.png,8.671705026510582
Office_Car_Crash,Office Car Crash,residuals,10,141,Office_Car_Crash_splat_residuals_10_141.png,8.650183486099246
Office_Car_Crash,Office Car Crash,residuals,10,142,Office_Car_Crash_splat_residuals_10_142.png,8.763179983742518
Office_Car_Crash,Office Car Crash,residuals,10,143,Office_Car_Crash_splat_residuals_10_143.png,8.581860364614522
Office_Car_Crash,Office Car Crash,residuals,10,144,Office_Car_Crash_splat_residuals_10_144.png,8.547387809764434
Office_Car_Crash,Office Car Crash,residuals,10,145,Office_Car_Crash_splat_residuals_10_145.png,8.580348130296427
Office_Car_Crash,Office Car Crash,residuals,10,146,Office_Car_Crash_splat_residuals_10_146.png,8.255587373558896
Office_Car_Crash,Office Car Crash,residuals,10,147,Office_Car_Crash_splat_residuals_10_147.png,7.89109407979543
Office_Car_Crash,Office Car Crash,residuals,10,148,Office_Car_Crash_splat_residuals_10_148.png,7.737306330819416
Office_Car_Crash,Office Car Crash,residuals,10,149,Office_Car_Crash_splat_residuals_10_149.png,8.416401727988722
Office_Car_Crash,Office Car Crash,residuals,10,150,Office_Car_Crash_splat_residuals_10_150.png,10.355075901572185
Office_Car_Crash,Office Car Crash,residuals,10,151,Office_Car_Crash_splat_residuals_10_151.png,10.221725740049951
Office_Car_Crash,Office Car Crash,residuals,10,152,Office_Car_Crash_splat_residuals_10_152.png,10.120293298008026
Office_Car_Crash,Office Car Crash,residuals,10,153,Office_Car_Crash_splat_residuals_10_153.png,9.847433153117697
Office_Car_Crash,Office Car Crash,residuals,10,154,Office_Car_Crash_splat_residuals_10_154.png,9.580173109493323
Office_Car_Crash,Office Car Crash,residuals,10,155,Office_Car_Crash_splat_residuals_10_155.png,10.36606015605303
Office_Car_Crash,Office Car Crash,residuals,10,156,Office_Car_Crash_splat_residuals_10_156.png,10.138950889553085
Office_Car_Crash,Office Car Crash,residuals,10,157,Office_Car_Crash_splat_residuals_10_157.png,10.710693183396137
Office_Car_Crash,Office Car Crash,residuals,10,158,Office_Car_Crash_splat_residuals_10_158.png,10.853819170855488
Office_Car_Crash,Office Car Crash,residuals,10,159,Office_Car_Crash_splat_residuals_10_159.png,10.497165852286251
Office_Car_Crash,Office Car Crash,residuals,10,160,Office_Car_Crash_splat_residuals_10_160.png,10.478964624571422
Office_Car_Crash,Office Car Crash,residuals,10,161,Office_Car_Crash_splat_residuals_10_161.png,10.37344121016851
Office_Car_Crash,Office Car Crash,residuals,10,162,Office_Car_Crash_splat_residuals_10_162.png,10.25954289011073
Office_Car_Crash,Office Car Crash,residuals,10,163,Office_Car_Crash_splat_residuals_10_163.png,10.33891728393156
Office_Car_Crash,Office Car Crash,residuals,10,164,Office_Car_Crash_splat_residuals_10_164.png,10.36405577216555
Office_Car_Crash,Office Car Crash,residuals,10,165,Office_Car_Crash_splat_residuals_10_165.png,10.164816633930126
Office_Car_Crash,Office Car Crash,residuals,10,166,Office_Car_Crash_splat_residuals_10_166.png,9.867864295711538
Office_Car_Crash,Office Car Crash,residuals,10,167,Office_Car_Crash_splat_residuals_10_167.png,10.061491079064615
Office_Car_Crash,Office Car Crash,residuals,10,168,Office_Car_Crash_splat_residuals_10_168.png,9.997399708334651
Office_Car_Crash,Office Car Crash,residuals,10,169,Office_Car_Crash_splat_residuals_10_169.png,10.231578374128564
Office_Car_Crash,Office Car Crash,residuals,10,170,Office_Car_Crash_splat_residuals_10_170.png,10.12908795415312
Office_Car_Crash,Office Car Crash,residuals,10,171,Office_Car_Crash_splat_residuals_10_171.png,9.979665599853094
Office_Car_Crash,Office Car Crash,residuals,10,172,Office_Car_Crash_splat_residuals_10_172.png,10.035455751614588
Office_Car_Crash,Office Car Crash,residuals,10,173,Office_Car_Crash_splat_residuals_10_173.png,10.335389750094901
Office_Car_Crash,Office Car Crash,residuals,10,174,Office_Car_Crash_splat_residuals_10_174.png,10.21528430594752
Office_Car_Crash,Office Car Crash,residuals,10,175,Office_Car_Crash_splat_residuals_10_175.png,10.252968133903416
Office_Car_Crash,Office Car Crash,residuals,10,176,Office_Car_Crash_splat_residuals_10_176.png,10.302876113282338
Office_Car_Crash,Office Car Crash,residuals,10,177,Office_Car_Crash_splat_residuals_10_177.png,10.437024811389383
Office_Car_Crash,Office Car Crash,residuals,10,178,Office_Car_Crash_splat_residuals_10_178.png,10.441031429741718
Office_Car_Crash,Office Car Crash,residuals,10,179,Office_Car_Crash_splat_residuals_10_179.png,10.333639535830114
Office_Car_Crash,Office Car Crash,residuals,10,180,Office_Car_Crash_splat_residuals_10_180.png,10.356620973190848
Office_Car_Crash,Office Car Crash,residuals,10,181,Office_Car_Crash_splat_residuals_10_181.png,10.623828012826397
Office_Car_Crash,Office Car Crash,residuals,10,182,Office_Car_Crash_splat_residuals_10_182.png,10.194375963819361
Office_Car_Crash,Office Car Crash,residuals,10,183,Office_Car_Crash_splat_residuals_10_183.png,10.443838048146532
Office_Car_Crash,Office Car Crash,residuals,10,184,Office_Car_Crash_splat_residuals_10_184.png,10.28743703184631
Office_Car_Crash,Office Car Crash,residuals,10,185,Office_Car_Crash_splat_residuals_10_185.png,9.999234283412001
Office_Car_Crash,Office Car Crash,residuals,10,186,Office_Car_Crash_splat_residuals_10_186.png,10.240890413156261
Office_Car_Crash,Office Car Crash,residuals,10,187,Office_Car_Crash_splat_residuals_10_187.png,10.452238428877745
Office_Car_Crash,Office Car Crash,residuals,10,188,Office_Car_Crash_splat_residuals_10_188.png,10.138129482347038
Office_Car_Crash,Office Car Crash,residuals,10,189,Office_Car_Crash_splat_residuals_10_189.png,10.237292315282794
Office_Car_Crash,Office Car Crash,residuals,10,190,Office_Car_Crash_splat_residuals_10_190.png,10.081340801002515
Office_Car_Crash,Office Car Crash,residuals,10,191,Office_Car_Crash_splat_residuals_10_191.png,10.041241827771072
Office_Car_Crash,Office Car Crash,residuals,100,0,Office_Car_Crash_splat_residuals_100_000.png,7.718543187469823
Office_Car_Crash,Office Car Crash,residuals,100,1,Office_Car_Crash_splat_residuals_100_001.png,7.630993085499861
Office_Car_Crash,Office Car Crash,residuals,100,2,Office_Car_Crash_splat_residuals_100_002.png,7.627540605184775
Office_Car_Crash,Office Car Crash,residuals,100,3,Office_Car_Crash_splat_residuals_100_003.png,7.7201976993552135
Office_Car_Crash,Office Car Crash,residuals,100,4,Office_Car_Crash_splat_residuals_100_004.png,7.774024245086536
Office_Car_Crash,Office Car Crash,residuals,100,5,Office_Car_Crash_splat_residuals_100_005.png,8.027472469106856
Office_Car_Crash,Office Car Crash,residuals,100,6,Office_Car_Crash_splat_residuals_100_006.png,8.119054303045196
Office_Car_Crash,Office Car Crash,residuals,100,7,Office_Car_Crash_splat_residuals_100_007.png,8.316979926729013
Office_Car_Crash,Office Car Crash,residuals,100,8,Office_Car_Crash_splat_residuals_100_008.png,8.484668034641182
Office_Car_Crash,Office Car Crash,residuals,100,9,Office_Car_Crash_splat_residuals_100_009.png,8.51803385331104
Office_Car_Crash,Office Car Crash,residuals,100,10,Office_Car_Crash_splat_residuals_100_010.png,8.62358031873939
Office_Car_Crash,Office Car Crash,residuals,100,11,Office_Car_Crash_splat_residuals_100_011.png,8.59645085114744
Office_Car_Crash,Office Car Crash,residuals,100,12,Office_Car_Crash_splat_residuals_100_012.png,8.605666397393726
Office_Car_Crash,Office Car Crash,residuals,100,13,Office_Car_Crash_splat_residuals_100_013.png,8.634966901064315
Office_Car_Crash,Office Car Crash,residuals,100,14,Office_Car_Crash_splat_residuals_100_014.png,8.683587306409787
Office_Car_Crash,Office Car Crash,residuals,100,15,Office_Car_Crash_splat_residuals_100_015.png,8.531894587385162
Office_Car_Crash,Office Car Crash,residuals,100,16,Office_Car_Crash_splat_residuals_100_016.png,8.353286615092085
Office_Car_Crash,Office Car Crash,residuals,100,17,Office_Car_Crash_splat_residuals_100_017.png,8.257024651747216
Office_Car_Crash,Office Car Crash,residuals,100,18,Office_Car_Crash_splat_residuals_100_018.png,8.116900264087688
Office_Car_Crash,Office Car Crash,residuals,100,19,Office_Car_Crash_splat_residuals_100_019.png,8.189535966936958
Office_Car_Crash,Office Car Crash,residuals,100,20,Office_Car_Crash_splat_residuals_100_020.png,8.085486376859892
Office_Car_Crash,Office Car Crash,residuals,100,21,Office_Car_Crash_splat_residuals_100_021.png,7.704926286243651
Office_Car_Crash,Office Car Crash,residuals,100,22,Office_Car_Crash_splat_residuals_100_022.png,7.625270338452782
Office_Car_Crash,Office Car Crash,residuals,100,23,Office_Car_Crash_splat_residuals_100_023.png,8.075248350152798
Office_Car_Crash,Office Car Crash,residuals,100,24,Office_Car_Crash_splat_residuals_100_024.png,8.00356485619585
Office_Car_Crash,Office Car Crash,residuals,100,25,Office_Car_Crash_splat_residuals_100_025.png,8.110109745691817
Office_Car_Crash,Office Car Crash,residuals,100,26,Office_Car_Crash_splat_residuals_100_026.png,8.350054099865746
Office_Car_Crash,Office Car Crash,residuals,100,27,Office_Car_Crash_splat_residuals_100_027.png,8.631940492556566
Office_Car_Crash,Office Car Crash,residuals,100,28,Office_Car_Crash_splat_residuals_100_028.png,8.972283896163997
Office_Car_Crash,Office Car Crash,residuals,100,29,Office_Car_Crash_splat_residuals_100_029.png,9.135721937166835
Office_Car_Crash,Office Car Crash,residuals,100,30,Office_Car_Crash_splat_residuals_100_030.png,9.075580471233888
Office_Car_Crash,Office Car Crash,residuals,100,31,Office_Car_Crash_splat_residuals_100_031.png,8.937010223215472
Office_Car_Crash,Office Car Crash,residuals,100,32,Office_Car_Crash_splat_residuals_100_032.png,8.94629180433816
Office_Car_Crash,Office Car Crash,residuals,100,33,Office_Car_Crash_splat_residuals_100_033.png,8.897329924999012
Office_Car_Crash,Office Car Crash,residuals,100,34,Office_Car_Crash_splat_residuals_100_034.png,8.835844049249829
Office_Car_Crash,Office Car Crash,residuals,100,35,Office_Car_Crash_splat_residuals_100_035.png,8.928460204712312
Office_Car_Crash,Office Car Crash,residuals,100,36,Office_Car_Crash_splat_residuals_100_036.png,8.96458320340801
Office_Car_Crash,Office Car Crash,residuals,100,37,Office_Car_Crash_splat_residuals_100_037.png,8.970472037016625
Office_Car_Crash,Office Car Crash,residuals,100,38,Office_Car_Crash_splat_residuals_100_038.png,8.97359191922035
Office_Car_Crash,Office Car Crash,residuals,100,39,Office_Car_Crash_splat_residuals_100_039.png,8.946961016288661
Office_Car_Crash,Office Car Crash,residuals,100,40,Office_Car_Crash_splat_residuals_100_040.png,8.90464474289469
Office_Car_Crash,Office Car Crash,residuals,100,41,Office_Car_Crash_splat_residuals_100_041.png,8.908607633147987
Office_Car_Crash,Office Car Crash,residuals,100,42,Office_Car_Crash_splat_residuals_100_042.png,8.930177109234057
Office_Car_Crash,Office Car Crash,residuals,100,43,Office_Car_Crash_splat_residuals_100_043.png,8.736682811026057
Office_Car_Crash,Office Car Crash,residuals,100,44,Office_Car_Crash_splat_residuals_100_044.png,8.637970020592428
Office_Car_Crash,Office Car Crash,residuals,100,45,Office_Car_Crash_splat_residuals_100_045.png,8.421700931905955
Office_Car_Crash,Office Car Crash,residuals,100,46,Office_Car_Crash_splat_residuals_100_046.png,8.303550064360918
Office_Car_Crash,Office Car Crash,residuals,100,47,Office_Car_Crash_splat_residuals_100_047.png,8.448591816414833
Office_Car_Crash,Office Car Crash,residuals,100,48,Office_Car_Crash_splat_residuals_100_048.png,8.370508742315884
Office_Car_Crash,Office Car Crash,residuals,100,49,Office_Car_Crash_splat_residuals_100_049.png,9.02743766590985
Office_Car_Crash,Office Car Crash,residuals,100,50,Office_Car_Crash_splat_residuals_100_050.png,9.075675643593236
Office_Car_Crash,Office Car Crash,residuals,100,51,Office_Car_Crash_splat_residuals_100_051.png,9.759466631826253
Office_Car_Crash,Office Car Crash,residuals,100,52,Office_Car_Crash_splat_residuals_100_052.png,9.953239881862986
Office_Car_Crash,Office Car Crash,residuals,100,53,Office_Car_Crash_splat_residuals_100_053.png,9.220767119383606
Office_Car_Crash,Office Car Crash,residuals,100,54,Office_Car_Crash_splat_residuals_100_054.png,9.40228694786987
Office_Car_Crash,Office Car Crash,residuals,100,55,Office_Car_Crash_splat_residuals_100_055.png,9.550893058699359
Office_Car_Crash,Office Car Crash,residuals,100,56,Office_Car_Crash_splat_residuals_100_056.png,9.524609534442787
Office_Car_Crash,Office Car Crash,residuals,100,57,Office_Car_Crash_splat_residuals_100_057.png,9.404759712115315
Office_Car_Crash,Office Car Crash,residuals,100,58,Office_Car_Crash_splat_residuals_100_058.png,9.328365092049216
Office_Car_Crash,Office Car Crash,residuals,100,59,Office_Car_Crash_splat_residuals_100_059.png,9.468433885777557
Office_Car_Crash,Office Car Crash,residuals,100,60,Office_Car_Crash_splat_residuals_100_060.png,9.431351402561015
Office_Car_Crash,Office Car Crash,residuals,100,61,Office_Car_Crash_splat_residuals_100_061.png,9.40856603829836
Office_Car_Crash,Office Car Crash,residuals,100,62,Office_Car_Crash_splat_residuals_100_062.png,9.765152121736918
Office_Car_Crash,Office Car Crash,residuals,100,63,Office_Car_Crash_splat_residuals_100_063.png,9.871132761650728
Office_Car_Crash,Office Car Crash,residuals,100,64,Office_Car_Crash_splat_residuals_100_064.png,10.37492019160002
Office_Car_Crash,Office Car Crash,residuals,100,65,Office_Car_Crash_splat_residuals_100_065.png,10.38969206536352
Office_Car_Crash,Office Car Crash,residuals,100,66,Office_Car_Crash_splat_residuals_100_066.png,9.236762264844726
Office_Car_Crash,Office Car Crash,residuals,100,67,Office_Car_Crash_splat_residuals_100_067.png,9.144041063711484
Office_Car_Crash,Office Car Crash,residuals,100,68,Office_Car_Crash_splat_residuals_100_068.png,9.564135597122128
Office_Car_Crash,Office Car Crash,residuals,100,69,Office_Car_Crash_splat_residuals_100_069.png,9.43766172472672
Office_Car_Crash,Office Car Crash,residuals,100,70,Office_Car_Crash_splat_residuals_100_070.png,9.485735195924285
Office_Car_Crash,Office Car Crash,residuals,100,71,Office_Car_Crash_splat_residuals_100_071.png,9.508551601896812
Office_Car_Crash,Office Car Crash,residuals,100,72,Office_Car_Crash_splat_residuals_100_072.png,9.106544009528472
Office_Car_Crash,Office Car Crash,residuals,100,73,Office_Car_Crash_splat_residuals_100_073.png,8.621711574106861
Office_Car_Crash,Office Car Crash,residuals,100,74,Office_Car_Crash_splat_residuals_100_074.png,8.01737052309469
Office_Car_Crash,Office Car Crash,residuals,100,75,Office_Car_Crash_splat_residuals_100_075.png,8.006886006330943
Office_Car_Crash,Office Car Crash,residuals,100,76,Office_Car_Crash_splat_residuals_100_076.png,8.695920503774506
Office_Car_Crash,Office Car Crash,residuals,100,77,Office_Car_Crash_splat_residuals_100_077.png,9.147483648477861
Office_Car_Crash,Office Car Crash,residuals,100,78,Office_Car_Crash_splat_residuals_100_078.png,8.78144041012151
Office_Car_Crash,Office Car Crash,residuals,100,79,Office_Car_Crash_splat_residuals_100_079.png,8.297774385780194
Office_Car_Crash,Office Car Crash,residuals,100,80,Office_Car_Crash_splat_residuals_100_080.png,7.3960760078852665
Office_Car_Crash,Office Car Crash,residuals,100,81,Office_Car_Crash_splat_residuals_100_081.png,7.804485500509086
Office_Car_Crash,Office Car Crash,residuals,100,82,Office_Car_Crash_splat_residuals_100_082.png,9.147463807165199
Office_Car_Crash,Office Car Crash,residuals,100,83,Office_Car_Crash_splat_residuals_100_083.png,9.711933319993122
Office_Car_Crash,Office Car Crash,residuals,100,84,Office_Car_Crash_splat_residuals_100_084.png,9.108375209902489
Office_Car_Crash,Office Car Crash,residuals,100,85,Office_Car_Crash_splat_residuals_100_085.png,9.890257038687935
Office_Car_Crash,Office Car Crash,residuals,100,86,Office_Car_Crash_splat_residuals_100_086.png,10.494817328521798
Office_Car_Crash,Office Car Crash,residuals,100,87,Office_Car_Crash_splat_residuals_100_087.png,10.165329434783994
Office_Car_Crash,Office Car Crash,residuals,100,88,Office_Car_Crash_splat_residuals_100_088.png,10.021703190228832
Office_Car_Crash,Office Car Crash,residuals,100,89,Office_Car_Crash_splat_residuals_100_089.png,9.47885832574921
Office_Car_Crash,Office Car Crash,residuals,100,90,Office_Car_Crash_splat_residuals_100_090.png,9.043213739482708
Office_Car_Crash,Office Car Crash,residuals,100,91,Office_Car_Crash_splat_residuals_100_091.png,8.331779273102027
Office_Car_Crash,Office Car Crash,residuals,100,92,Office_Car_Crash_splat_residuals_100_092.png,7.882067110536458
Office_Car_Crash,Office Car Crash,residuals,100,93,Office_Car_Crash_splat_residuals_100_093.png,7.470506459123838
Office_Car_Crash,Office Car Crash,residuals,100,94,Office_Car_Crash_splat_residuals_100_094.png,8.597844128342198
Office_Car_Crash,Office Car Crash,residuals,100,95,Office_Car_Crash_splat_residuals_100_095.png,9.661762065756186
Office_Car_Crash,Office Car Crash,residuals,100,96,Office_Car_Crash_splat_residuals_100_096.png,9.882810577427199
Office_Car_Crash,Office Car Crash,residuals,100,97,Office_Car_Crash_splat_residuals_100_097.png,9.685018658054807
Office_Car_Crash,Office Car Crash,residuals,100,98,Office_Car_Crash_splat_residuals_100_098.png,9.840685254474062
Office_Car_Crash,Office Car Crash,residuals,100,99,Office_Car_Crash_splat_residuals_100_099.png,9.634147474827992
Office_Car_Crash,Office Car Crash,residuals,100,100,Office_Car_Crash_splat_residuals_100_100.png,9.42847593126065
Office_Car_Crash,Office Car Crash,residuals,100,101,Office_Car_Crash_splat_residuals_100_101.png,9.79971299823283
Office_Car_Crash,Office Car Crash,residuals,100,102,Office_Car_Crash_splat_residuals_100_102.png,9.818090839440467
Office_Car_Crash,Office Car Crash,residuals,100,103,Office_Car_Crash_splat_residuals_100_103.png,8.739540366795843
Office_Car_Crash,Office Car Crash,residuals,100,104,Office_Car_Crash_splat_residuals_100_104.png,7.159678760451911
Office_Car_Crash,Office Car Crash,residuals,100,105,Office_Car_Crash_splat_residuals_100_105.png,6.630685796120871
Office_Car_Crash,Office Car Crash,residuals,100,106,Office_Car_Crash_splat_residuals_100_106.png,7.572401523005393
Office_Car_Crash,Office Car Crash,residuals,100,107,Office_Car_Crash_splat_residuals_100_107.png,7.258404496094208
Office_Car_Crash,Office Car Crash,residuals,100,108,Office_Car_Crash_splat_residuals_100_108.png,7.931054338576083
Office_Car_Crash,Office Car Crash,residuals,100,109,Office_Car_Crash_splat_residuals_100_109.png,8.956699487181137
Office_Car_Crash,Office Car Crash,residuals,100,110,Office_Car_Crash_splat_residuals_100_110.png,9.047672674729428
Office_Car_Crash,Office Car Crash,residuals,100,111,Office_Car_Crash_splat_residuals_100_111.png,9.246675329036071
Office_Car_Crash,Office Car Crash,residuals,100,112,Office_Car_Crash_splat_residuals_100_112.png,9.273899506039115
Office_Car_Crash,Office Car Crash,residuals,100,113,Office_Car_Crash_splat_residuals_100_113.png,8.17221537728331
Office_Car_Crash,Office Car Crash,residuals,100,114,Office_Car_Crash_splat_residuals_100_114.png,8.899493598027965
Office_Car_Crash,Office Car Crash,residuals,100,115,Office_Car_Crash_splat_residuals_100_115.png,8.715933553826392
Office_Car_Crash,Office Car Crash,residuals,100,116,Office_Car_Crash_splat_residuals_100_116.png,8.38453248905391
Office_Car_Crash,Office Car Crash,residuals,100,117,Office_Car_Crash_splat_residuals_100_117.png,9.046055644228272
Office_Car_Crash,Office Car Crash,residuals,100,118,Office_Car_Crash_splat_residuals_100_118.png,9.480561598143895
Office_Car_Crash,Office Car Crash,residuals,100,119,Office_Car_Crash_splat_residuals_100_119.png,9.649239906980835
Office_Car_Crash,Office Car Crash,residuals,100,120,Office_Car_Crash_splat_residuals_100_120.png,9.076641587503266
Office_Car_Crash,Office Car Crash,residuals,100,121,Office_Car_Crash_splat_residuals_100_121.png,8.479814470116265
Office_Car_Crash,Office Car Crash,residuals,100,122,Office_Car_Crash_splat_residuals_100_122.png,8.662076673734019
Office_Car_Crash,Office Car Crash,residuals,100,123,Office_Car_Crash_splat_residuals_100_123.png,9.187545929986648
Office_Car_Crash,Office Car Crash,residuals,100,124,Office_Car_Crash_splat_residuals_100_124.png,9.610812454310473
Office_Car_Crash,Office Car Crash,residuals,100,125,Office_Car_Crash_splat_residuals_100_125.png,9.446518010188564
Office_Car_Crash,Office Car Crash,residuals,100,126,Office_Car_Crash_splat_residuals_100_126.png,9.218302739799496
Office_Car_Crash,Office Car Crash,residuals,100,127,Office_Car_Crash_splat_residuals_100_127.png,9.419604052007237
Office_Car_Crash,Office Car Crash,residuals,100,128,Office_Car_Crash_splat_residuals_100_128.png,9.639429208974793
Office_Car_Crash,Office Car Crash,residuals,100,129,Office_Car_Crash_splat_residuals_100_129.png,9.699510046966916
Office_Car_Crash,Office Car Crash,residuals,100,130,Office_Car_Crash_splat_residuals_100_130.png,9.55444515507913
Office_Car_Crash,Office Car Crash,residuals,100,131,Office_Car_Crash_splat_residuals_100_131.png,9.18311500577865
Office_Car_Crash,Office Car Crash,residuals,100,132,Office_Car_Crash_splat_residuals_100_132.png,8.43487956583912
Office_Car_Crash,Office Car Crash,residuals,100,133,Office_Car_Crash_splat_residuals_100_133.png,7.6762999517664765
Office_Car_Crash,Office Car Crash,residuals,100,134,Office_Car_Crash_splat_residuals_100_134.png,7.688723429270233
Office_Car_Crash,Office Car Crash,residuals,100,135,Office_Car_Crash_splat_residuals_100_135.png,8.226047215586071
Office_Car_Crash,Office Car Crash,residuals,100,136,Office_Car_Crash_splat_residuals_100_136.png,8.710439091786716
Office_Car_Crash,Office Car Crash,residuals,100,137,Office_Car_Crash_splat_residuals_100_137.png,7.9822190332834495
Office_Car_Crash,Office Car Crash,residuals,100,138,Office_Car_Crash_splat_residuals_100_138.png,8.749923022797962
Office_Car_Crash,Office Car Crash,residuals,100,139,Office_Car_Crash_splat_residuals_100_139.png,8.752067578708553
Office_Car_Crash,Office Car Crash,residuals,100,140,Office_Car_Crash_splat_residuals_100_140.png,8.045151827564359
Office_Car_Crash,Office Car Crash,residuals,100,141,Office_Car_Crash_splat_residuals_100_141.png,8.141868868207844
Office_Car_Crash,Office Car Crash,residuals,100,142,Office_Car_Crash_splat_residuals_100_142.png,8.566431298330476
Office_Car_Crash,Office Car Crash,residuals,100,143,Office_Car_Crash_splat_residuals_100_143.png,8.449365653366561
Office_Car_Crash,Office Car Crash,residuals,100,144,Office_Car_Crash_splat_residuals_100_144.png,8.471282679269754
Office_Car_Crash,Office Car Crash,residuals,100,145,Office_Car_Crash_splat_residuals_100_145.png,8.483437290948455
Office_Car_Crash,Office Car Crash,residuals,100,146,Office_Car_Crash_splat_residuals_100_146.png,7.920286275974581
Office_Car_Crash,Office Car Crash,residuals,100,147,Office_Car_Crash_splat_residuals_100_147.png,7.268504524412438
Office_Car_Crash,Office Car Crash,residuals,100,148,Office_Car_Crash_splat_residuals_100_148.png,7.138900863770502
Office_Car_Crash,Office Car Crash,residuals,100,149,Office_Car_Crash_splat_residuals_100_149.png,7.844158692814467
Office_Car_Crash,Office Car Crash,residuals,100,150,Office_Car_Crash_splat_residuals_100_150.png,9.25308802719378
Office_Car_Crash,Office Car Crash,residuals,100,151,Office_Car_Crash_splat_residuals_100_151.png,8.993565696158797
Office_Car_Crash,Office Car Crash,residuals,100,152,Office_Car_Crash_splat_residuals_100_152.png,9.395475017920516
Office_Car_Crash,Office Car Crash,residuals,100,153,Office_Car_Crash_splat_residuals_100_153.png,9.301360229642427
Office_Car_Crash,Office Car Crash,residuals,100,154,Office_Car_Crash_splat_residuals_100_154.png,8.798063274509534
Office_Car_Crash,Office Car Crash,residuals,100,155,Office_Car_Crash_splat_residuals_100_155.png,9.819117158268796
Office_Car_Crash,Office Car Crash,residuals,100,156,Office_Car_Crash_splat_residuals_100_156.png,9.594641914834817
Office_Car_Crash,Office Car Crash,residuals,100,157,Office_Car_Crash_splat_residuals_100_157.png,9.664677856548083
Office_Car_Crash,Office Car Crash,residuals,100,158,Office_Car_Crash_splat_residuals_100_158.png,10.697659926085128
Office_Car_Crash,Office Car Crash,residuals,100,159,Office_Car_Crash_splat_residuals_100_159.png,10.237735181469816
Office_Car_Crash,Office Car Crash,residuals,100,160,Office_Car_Crash_splat_residuals_100_160.png,9.940569422934034
Office_Car_Crash,Office Car Crash,residuals,100,161,Office_Car_Crash_splat_residuals_100_161.png,10.138504521362437
Office_Car_Crash,Office Car Crash,residuals,100,162,Office_Car_Crash_splat_residuals_100_162.png,10.158092682173464
Office_Car_Crash,Office Car Crash,residuals,100,163,Office_Car_Crash_splat_residuals_100_163.png,9.802633846056736
Office_Car_Crash,Office Car Crash,residuals,100,164,Office_Car_Crash_splat_residuals_100_164.png,9.847589921178525
Office_Car_Crash,Office Car Crash,residuals,100,165,Office_Car_Crash_splat_residuals_100_165.png,10.043331813383903
Office_Car_Crash,Office Car Crash,residuals,100,166,Office_Car_Crash_splat_residuals_100_166.png,9.619163317185427
Office_Car_Crash,Office Car Crash,residuals,100,167,Office_Car_Crash_splat_residuals_100_167.png,10.024287597633785
Office_Car_Crash,Office Car Crash,residuals,100,168,Office_Car_Crash_splat_residuals_100_168.png,9.783795272601981
Office_Car_Crash,Office Car Crash,residuals,100,169,Office_Car_Crash_splat_residuals_100_169.png,9.786667172144005
Office_Car_Crash,Office Car Crash,residuals,100,170,Office_Car_Crash_splat_residuals_100_170.png,10.074150811481674
Office_Car_Crash,Office Car Crash,residuals,100,171,Office_Car_Crash_splat_residuals_100_171.png,9.810718943526043
Office_Car_Crash,Office Car Crash,residuals,100,172,Office_Car_Crash_splat_residuals_100_172.png,9.623371950579742
Office_Car_Crash,Office Car Crash,residuals,100,173,Office_Car_Crash_splat_residuals_100_173.png,9.774392568795358
Office_Car_Crash,Office Car Crash,residuals,100,174,Office_Car_Crash_splat_residuals_100_174.png,9.306455149099245
Office_Car_Crash,Office Car Crash,residuals,100,175,Office_Car_Crash_splat_residuals_100_175.png,9.51722439302386
Office_Car_Crash,Office Car Crash,residuals,100,176,Office_Car_Crash_splat_residuals_100_176.png,10.060133410223134
Office_Car_Crash,Office Car Crash,residuals,100,177,Office_Car_Crash_splat_residuals_100_177.png,10.029222895593946
Office_Car_Crash,Office Car Crash,residuals,100,178,Office_Car_Crash_splat_residuals_100_178.png,10.433805183568161
Office_Car_Crash,Office Car Crash,residuals,100,179,Office_Car_Crash_splat_residuals_100_179.png,9.893476671522167
Office_Car_Crash,Office Car Crash,residuals,100,180,Office_Car_Crash_splat_residuals_100_180.png,9.798700335133265
Office_Car_Crash,Office Car Crash,residuals,100,181,Office_Car_Crash_splat_residuals_100_181.png,10.082332046516157
Office_Car_Crash,Office Car Crash,residuals,100,182,Office_Car_Crash_splat_residuals_100_182.png,10.150042785127301
Office_Car_Crash,Office Car Crash,residuals,100,183,Office_Car_Crash_splat_residuals_100_183.png,10.048006806983569
Office_Car_Crash,Office Car Crash,residuals,100,184,Office_Car_Crash_splat_residuals_100_184.png,9.770648049280837
Office_Car_Crash,Office Car Crash,residuals,100,185,Office_Car_Crash_splat_residuals_100_185.png,9.238306959663634
Office_Car_Crash,Office Car Crash,residuals,100,186,Office_Car_Crash_splat_residuals_100_186.png,9.608621253121376
Office_Car_Crash,Office Car Crash,residuals,100,187,Office_Car_Crash_splat_residuals_100_187.png,10.179437467639174
Office_Car_Crash,Office Car Crash,residuals,100,188,Office_Car_Crash_splat_residuals_100_188.png,9.917232724039833
Office_Car_Crash,Office Car Crash,residuals,100,189,Office_Car_Crash_splat_residuals_100_189.png,9.891203715097658
Office_Car_Crash,Office Car Crash,residuals,100,190,Office_Car_Crash_splat_residuals_100_190.png,9.73756715689558
Office_Car_Crash,Office Car Crash,residuals,100,191,Office_Car_Crash_splat_residuals_100_191.png,9.64123558139985
